year,feature,weight,source,train_start,train_end,training_rows,training_window,alpha_learning_method,target,target_definition,start_date,development_cutoff
2010,rank_r_on_1d,-0.0967741935483871,prior_fallback,2010-01-01,2009-12-31,0,expanding,prior50_learned50,volatility_scaled_overnight_return,overnight_next / (vol20 / sqrt(252)),2010-01-01,2024-12-31
2010,rank_r_on_5d,-0.0564516129032258,prior_fallback,2010-01-01,2009-12-31,0,expanding,prior50_learned50,volatility_scaled_overnight_return,overnight_next / (vol20 / sqrt(252)),2010-01-01,2024-12-31
2010,rank_r_id_1d,-0.0564516129032258,prior_fallback,2010-01-01,2009-12-31,0,expanding,prior50_learned50,volatility_scaled_overnight_return,overnight_next / (vol20 / sqrt(252)),2010-01-01,2024-12-31
2010,rank_ret_cc_5d,-0.0564516129032258,prior_fallback,2010-01-01,2009-12-31,0,expanding,prior50_learned50,volatility_scaled_overnight_return,overnight_next / (vol20 / sqrt(252)),2010-01-01,2024-12-31
2010,rank_ret_cc_20d,-0.032258064516129,prior_fallback,2010-01-01,2009-12-31,0,expanding,prior50_learned50,volatility_scaled_overnight_return,overnight_next / (vol20 / sqrt(252)),2010-01-01,2024-12-31
2010,rank_ret_cc_60d,0.0241935483870967,prior_fallback,2010-01-01,2009-12-31,0,expanding,prior50_learned50,volatility_scaled_overnight_return,overnight_next / (vol20 / sqrt(252)),2010-01-01,2024-12-31
2010,rank_vol20,-0.0564516129032258,prior_fallback,2010-01-01,2009-12-31,0,expanding,prior50_learned50,volatility_scaled_overnight_return,overnight_next / (vol20 / sqrt(252)),2010-01-01,2024-12-31
2010,rank_vol60,-0.032258064516129,prior_fallback,2010-01-01,2009-12-31,0,expanding,prior50_learned50,volatility_scaled_overnight_return,overnight_next / (vol20 / sqrt(252)),2010-01-01,2024-12-31
2010,rank_amihud20,-0.0403225806451612,prior_fallback,2010-01-01,2009-12-31,0,expanding,prior50_learned50,volatility_scaled_overnight_return,overnight_next / (vol20 / sqrt(252)),2010-01-01,2024-12-31
2010,rank_adv20_log,0.0241935483870967,prior_fallback,2010-01-01,2009-12-31,0,expanding,prior50_learned50,volatility_scaled_overnight_return,overnight_next / (vol20 / sqrt(252)),2010-01-01,2024-12-31
2010,rank_market_cap_log,0.0161290322580645,prior_fallback,2010-01-01,2009-12-31,0,expanding,prior50_learned50,volatility_scaled_overnight_return,overnight_next / (vol20 / sqrt(252)),2010-01-01,2024-12-31
2010,rank_piot_norm_lag1,0.0403225806451612,prior_fallback,2010-01-01,2009-12-31,0,expanding,prior50_learned50,volatility_scaled_overnight_return,overnight_next / (vol20 / sqrt(252)),2010-01-01,2024-12-31
2010,rank_gross_profit_margin_lag1,0.0241935483870967,prior_fallback,2010-01-01,2009-12-31,0,expanding,prior50_learned50,volatility_scaled_overnight_return,overnight_next / (vol20 / sqrt(252)),2010-01-01,2024-12-31
2010,rank_asset_turnover_ratio_lag1,0.0161290322580645,prior_fallback,2010-01-01,2009-12-31,0,expanding,prior50_learned50,volatility_scaled_overnight_return,overnight_next / (vol20 / sqrt(252)),2010-01-01,2024-12-31
2010,rank_net_debt_to_equity_lag1,-0.0241935483870967,prior_fallback,2010-01-01,2009-12-31,0,expanding,prior50_learned50,volatility_scaled_overnight_return,overnight_next / (vol20 / sqrt(252)),2010-01-01,2024-12-31
2010,rank_price_to_book_lag1,-0.0241935483870967,prior_fallback,2010-01-01,2009-12-31,0,expanding,prior50_learned50,volatility_scaled_overnight_return,overnight_next / (vol20 / sqrt(252)),2010-01-01,2024-12-31
2010,rank_ev_to_ebit_lag1,-0.0161290322580645,prior_fallback,2010-01-01,2009-12-31,0,expanding,prior50_learned50,volatility_scaled_overnight_return,overnight_next / (vol20 / sqrt(252)),2010-01-01,2024-12-31
2010,rank_sue_lag1,0.0403225806451612,prior_fallback,2010-01-01,2009-12-31,0,expanding,prior50_learned50,volatility_scaled_overnight_return,overnight_next / (vol20 / sqrt(252)),2010-01-01,2024-12-31
2010,rank_deps_lag1,0.0403225806451612,prior_fallback,2010-01-01,2009-12-31,0,expanding,prior50_learned50,volatility_scaled_overnight_return,overnight_next / (vol20 / sqrt(252)),2010-01-01,2024-12-31
2010,rank_reps1_lag1,0.032258064516129,prior_fallback,2010-01-01,2009-12-31,0,expanding,prior50_learned50,volatility_scaled_overnight_return,overnight_next / (vol20 / sqrt(252)),2010-01-01,2024-12-31
2010,rank_repsf4_lag1,0.032258064516129,prior_fallback,2010-01-01,2009-12-31,0,expanding,prior50_learned50,volatility_scaled_overnight_return,overnight_next / (vol20 / sqrt(252)),2010-01-01,2024-12-31
2010,rank_final_score_lag1,0.0564516129032258,prior_fallback,2010-01-01,2009-12-31,0,expanding,prior50_learned50,volatility_scaled_overnight_return,overnight_next / (vol20 / sqrt(252)),2010-01-01,2024-12-31
2010,rank_score_velocity_lag1,0.0241935483870967,prior_fallback,2010-01-01,2009-12-31,0,expanding,prior50_learned50,volatility_scaled_overnight_return,overnight_next / (vol20 / sqrt(252)),2010-01-01,2024-12-31
2010,rank_momentum_score_lag1,0.0241935483870967,prior_fallback,2010-01-01,2009-12-31,0,expanding,prior50_learned50,volatility_scaled_overnight_return,overnight_next / (vol20 / sqrt(252)),2010-01-01,2024-12-31
2010,rank_dsi_lag1,-0.0403225806451612,prior_fallback,2010-01-01,2009-12-31,0,expanding,prior50_learned50,volatility_scaled_overnight_return,overnight_next / (vol20 / sqrt(252)),2010-01-01,2024-12-31
2010,rank_dtcn_lag1,-0.0403225806451612,prior_fallback,2010-01-01,2009-12-31,0,expanding,prior50_learned50,volatility_scaled_overnight_return,overnight_next / (vol20 / sqrt(252)),2010-01-01,2024-12-31
2010,rank_ddtcn_lag1,-0.0161290322580645,prior_fallback,2010-01-01,2009-12-31,0,expanding,prior50_learned50,volatility_scaled_overnight_return,overnight_next / (vol20 / sqrt(252)),2010-01-01,2024-12-31
2010,rank_industry_return_lag1,0.0161290322580645,prior_fallback,2010-01-01,2009-12-31,0,expanding,prior50_learned50,volatility_scaled_overnight_return,overnight_next / (vol20 / sqrt(252)),2010-01-01,2024-12-31
2011,rank_r_on_1d,0.0953731754563283,phase2_expanding_prior50_learned50,2010-01-01,2010-12-31,154218,expanding,prior50_learned50,volatility_scaled_overnight_return,overnight_next / (vol20 / sqrt(252)),2010-01-01,2024-12-31
2011,rank_r_on_5d,0.0996309065034858,phase2_expanding_prior50_learned50,2010-01-01,2010-12-31,154218,expanding,prior50_learned50,volatility_scaled_overnight_return,overnight_next / (vol20 / sqrt(252)),2010-01-01,2024-12-31
2011,rank_r_id_1d,-0.1115525534355269,phase2_expanding_prior50_learned50,2010-01-01,2010-12-31,154218,expanding,prior50_learned50,volatility_scaled_overnight_return,overnight_next / (vol20 / sqrt(252)),2010-01-01,2024-12-31
2011,rank_ret_cc_5d,-0.1086722449350177,phase2_expanding_prior50_learned50,2010-01-01,2010-12-31,154218,expanding,prior50_learned50,volatility_scaled_overnight_return,overnight_next / (vol20 / sqrt(252)),2010-01-01,2024-12-31
2011,rank_ret_cc_20d,-0.070470908236931,phase2_expanding_prior50_learned50,2010-01-01,2010-12-31,154218,expanding,prior50_learned50,volatility_scaled_overnight_return,overnight_next / (vol20 / sqrt(252)),2010-01-01,2024-12-31
2011,rank_ret_cc_60d,-0.032495963639532,phase2_expanding_prior50_learned50,2010-01-01,2010-12-31,154218,expanding,prior50_learned50,volatility_scaled_overnight_return,overnight_next / (vol20 / sqrt(252)),2010-01-01,2024-12-31
2011,rank_vol20,0.0996309065034858,phase2_expanding_prior50_learned50,2010-01-01,2010-12-31,154218,expanding,prior50_learned50,volatility_scaled_overnight_return,overnight_next / (vol20 / sqrt(252)),2010-01-01,2024-12-31
2011,rank_vol60,0.1021855451317803,phase2_expanding_prior50_learned50,2010-01-01,2010-12-31,154218,expanding,prior50_learned50,volatility_scaled_overnight_return,overnight_next / (vol20 / sqrt(252)),2010-01-01,2024-12-31
2011,rank_amihud20,0.02261202557819,phase2_expanding_prior50_learned50,2010-01-01,2010-12-31,154218,expanding,prior50_learned50,volatility_scaled_overnight_return,overnight_next / (vol20 / sqrt(252)),2010-01-01,2024-12-31
2011,rank_adv20_log,0.036396891772262,phase2_expanding_prior50_learned50,2010-01-01,2010-12-31,154218,expanding,prior50_learned50,volatility_scaled_overnight_return,overnight_next / (vol20 / sqrt(252)),2010-01-01,2024-12-31
2011,rank_market_cap_log,-0.02542073185042,phase2_expanding_prior50_learned50,2010-01-01,2010-12-31,154218,expanding,prior50_learned50,volatility_scaled_overnight_return,overnight_next / (vol20 / sqrt(252)),2010-01-01,2024-12-31
2011,rank_piot_norm_lag1,-0.0389492945135357,phase2_expanding_prior50_learned50,2010-01-01,2010-12-31,154218,expanding,prior50_learned50,volatility_scaled_overnight_return,overnight_next / (vol20 / sqrt(252)),2010-01-01,2024-12-31
2011,rank_gross_profit_margin_lag1,-0.0343149222765808,phase2_expanding_prior50_learned50,2010-01-01,2010-12-31,154218,expanding,prior50_learned50,volatility_scaled_overnight_return,overnight_next / (vol20 / sqrt(252)),2010-01-01,2024-12-31
2011,rank_asset_turnover_ratio_lag1,-0.0148021685711296,phase2_expanding_prior50_learned50,2010-01-01,2010-12-31,154218,expanding,prior50_learned50,volatility_scaled_overnight_return,overnight_next / (vol20 / sqrt(252)),2010-01-01,2024-12-31
2011,rank_net_debt_to_equity_lag1,-0.0040594675284089,phase2_expanding_prior50_learned50,2010-01-01,2010-12-31,154218,expanding,prior50_learned50,volatility_scaled_overnight_return,overnight_next / (vol20 / sqrt(252)),2010-01-01,2024-12-31
2011,rank_price_to_book_lag1,-0.031970391415917,phase2_expanding_prior50_learned50,2010-01-01,2010-12-31,154218,expanding,prior50_learned50,volatility_scaled_overnight_return,overnight_next / (vol20 / sqrt(252)),2010-01-01,2024-12-31
2011,rank_ev_to_ebit_lag1,-0.002537307068854,phase2_expanding_prior50_learned50,2010-01-01,2010-12-31,154218,expanding,prior50_learned50,volatility_scaled_overnight_return,overnight_next / (vol20 / sqrt(252)),2010-01-01,2024-12-31
2011,rank_sue_lag1,0.0042577310471575,phase2_expanding_prior50_learned50,2010-01-01,2010-12-31,154218,expanding,prior50_learned50,volatility_scaled_overnight_return,overnight_next / (vol20 / sqrt(252)),2010-01-01,2024-12-31
2011,rank_deps_lag1,0.0042577310471575,phase2_expanding_prior50_learned50,2010-01-01,2010-12-31,154218,expanding,prior50_learned50,volatility_scaled_overnight_return,overnight_next / (vol20 / sqrt(252)),2010-01-01,2024-12-31
2011,rank_reps1_lag1,0.003406184837726,phase2_expanding_prior50_learned50,2010-01-01,2010-12-31,154218,expanding,prior50_learned50,volatility_scaled_overnight_return,overnight_next / (vol20 / sqrt(252)),2010-01-01,2024-12-31
2011,rank_repsf4_lag1,0.003406184837726,phase2_expanding_prior50_learned50,2010-01-01,2010-12-31,154218,expanding,prior50_learned50,volatility_scaled_overnight_return,overnight_next / (vol20 / sqrt(252)),2010-01-01,2024-12-31
2011,rank_final_score_lag1,0.0059608234660205,phase2_expanding_prior50_learned50,2010-01-01,2010-12-31,154218,expanding,prior50_learned50,volatility_scaled_overnight_return,overnight_next / (vol20 / sqrt(252)),2010-01-01,2024-12-31
2011,rank_score_velocity_lag1,0.0025546386282945,phase2_expanding_prior50_learned50,2010-01-01,2010-12-31,154218,expanding,prior50_learned50,volatility_scaled_overnight_return,overnight_next / (vol20 / sqrt(252)),2010-01-01,2024-12-31
2011,rank_momentum_score_lag1,0.0025546386282945,phase2_expanding_prior50_learned50,2010-01-01,2010-12-31,154218,expanding,prior50_learned50,volatility_scaled_overnight_return,overnight_next / (vol20 / sqrt(252)),2010-01-01,2024-12-31
2011,rank_dsi_lag1,0.0139241813962385,phase2_expanding_prior50_learned50,2010-01-01,2010-12-31,154218,expanding,prior50_learned50,volatility_scaled_overnight_return,overnight_next / (vol20 / sqrt(252)),2010-01-01,2024-12-31
2011,rank_dtcn_lag1,-0.0178573271858563,phase2_expanding_prior50_learned50,2010-01-01,2010-12-31,154218,expanding,prior50_learned50,volatility_scaled_overnight_return,overnight_next / (vol20 / sqrt(252)),2010-01-01,2024-12-31
2011,rank_ddtcn_lag1,0.0090420620892789,phase2_expanding_prior50_learned50,2010-01-01,2010-12-31,154218,expanding,prior50_learned50,volatility_scaled_overnight_return,overnight_next / (vol20 / sqrt(252)),2010-01-01,2024-12-31
2011,rank_industry_return_lag1,0.001703092418863,phase2_expanding_prior50_learned50,2010-01-01,2010-12-31,154218,expanding,prior50_learned50,volatility_scaled_overnight_return,overnight_next / (vol20 / sqrt(252)),2010-01-01,2024-12-31
2012,rank_r_on_1d,0.10799397132974,phase2_expanding_prior50_learned50,2010-01-01,2011-12-31,319495,expanding,prior50_learned50,volatility_scaled_overnight_return,overnight_next / (vol20 / sqrt(252)),2010-01-01,2024-12-31
2012,rank_r_on_5d,0.1128151307641034,phase2_expanding_prior50_learned50,2010-01-01,2011-12-31,319495,expanding,prior50_learned50,volatility_scaled_overnight_return,overnight_next / (vol20 / sqrt(252)),2010-01-01,2024-12-31
2012,rank_r_id_1d,-0.1263143771803209,phase2_expanding_prior50_learned50,2010-01-01,2011-12-31,319495,expanding,prior50_learned50,volatility_scaled_overnight_return,overnight_next / (vol20 / sqrt(252)),2010-01-01,2024-12-31
2012,rank_ret_cc_5d,-0.1263143771803209,phase2_expanding_prior50_learned50,2010-01-01,2011-12-31,319495,expanding,prior50_learned50,volatility_scaled_overnight_return,overnight_next / (vol20 / sqrt(252)),2010-01-01,2024-12-31
2012,rank_ret_cc_20d,-0.0871248872035538,phase2_expanding_prior50_learned50,2010-01-01,2011-12-31,319495,expanding,prior50_learned50,volatility_scaled_overnight_return,overnight_next / (vol20 / sqrt(252)),2010-01-01,2024-12-31
2012,rank_ret_cc_60d,-0.0471079353568455,phase2_expanding_prior50_learned50,2010-01-01,2011-12-31,319495,expanding,prior50_learned50,volatility_scaled_overnight_return,overnight_next / (vol20 / sqrt(252)),2010-01-01,2024-12-31
2012,rank_vol20,0.0730890111599084,phase2_expanding_prior50_learned50,2010-01-01,2011-12-31,319495,expanding,prior50_learned50,volatility_scaled_overnight_return,overnight_next / (vol20 / sqrt(252)),2010-01-01,2024-12-31
2012,rank_vol60,0.0811927207962382,phase2_expanding_prior50_learned50,2010-01-01,2011-12-31,319495,expanding,prior50_learned50,volatility_scaled_overnight_return,overnight_next / (vol20 / sqrt(252)),2010-01-01,2024-12-31
2012,rank_amihud20,0.0100166013039146,phase2_expanding_prior50_learned50,2010-01-01,2011-12-31,319495,expanding,prior50_learned50,volatility_scaled_overnight_return,overnight_next / (vol20 / sqrt(252)),2010-01-01,2024-12-31
2012,rank_adv20_log,0.0252120229701164,phase2_expanding_prior50_learned50,2010-01-01,2011-12-31,319495,expanding,prior50_learned50,volatility_scaled_overnight_return,overnight_next / (vol20 / sqrt(252)),2010-01-01,2024-12-31
2012,rank_market_cap_log,-0.0205364521724813,phase2_expanding_prior50_learned50,2010-01-01,2011-12-31,319495,expanding,prior50_learned50,volatility_scaled_overnight_return,overnight_next / (vol20 / sqrt(252)),2010-01-01,2024-12-31
2012,rank_piot_norm_lag1,-0.0109020993844134,phase2_expanding_prior50_learned50,2010-01-01,2011-12-31,319495,expanding,prior50_learned50,volatility_scaled_overnight_return,overnight_next / (vol20 / sqrt(252)),2010-01-01,2024-12-31
2012,rank_gross_profit_margin_lag1,-0.0185019857907636,phase2_expanding_prior50_learned50,2010-01-01,2011-12-31,319495,expanding,prior50_learned50,volatility_scaled_overnight_return,overnight_next / (vol20 / sqrt(252)),2010-01-01,2024-12-31
2012,rank_asset_turnover_ratio_lag1,-0.0077057579666519,phase2_expanding_prior50_learned50,2010-01-01,2011-12-31,319495,expanding,prior50_learned50,volatility_scaled_overnight_return,overnight_next / (vol20 / sqrt(252)),2010-01-01,2024-12-31
2012,rank_net_debt_to_equity_lag1,0.0018601582486889,phase2_expanding_prior50_learned50,2010-01-01,2011-12-31,319495,expanding,prior50_learned50,volatility_scaled_overnight_return,overnight_next / (vol20 / sqrt(252)),2010-01-01,2024-12-31
2012,rank_price_to_book_lag1,-0.0119358779122962,phase2_expanding_prior50_learned50,2010-01-01,2011-12-31,319495,expanding,prior50_learned50,volatility_scaled_overnight_return,overnight_next / (vol20 / sqrt(252)),2010-01-01,2024-12-31
2012,rank_ev_to_ebit_lag1,-0.0105892874899846,phase2_expanding_prior50_learned50,2010-01-01,2011-12-31,319495,expanding,prior50_learned50,volatility_scaled_overnight_return,overnight_next / (vol20 / sqrt(252)),2010-01-01,2024-12-31
2012,rank_sue_lag1,0.0048211594343633,phase2_expanding_prior50_learned50,2010-01-01,2011-12-31,319495,expanding,prior50_learned50,volatility_scaled_overnight_return,overnight_next / (vol20 / sqrt(252)),2010-01-01,2024-12-31
2012,rank_deps_lag1,0.0048211594343633,phase2_expanding_prior50_learned50,2010-01-01,2011-12-31,319495,expanding,prior50_learned50,volatility_scaled_overnight_return,overnight_next / (vol20 / sqrt(252)),2010-01-01,2024-12-31
2012,rank_reps1_lag1,0.0038569275474907,phase2_expanding_prior50_learned50,2010-01-01,2011-12-31,319495,expanding,prior50_learned50,volatility_scaled_overnight_return,overnight_next / (vol20 / sqrt(252)),2010-01-01,2024-12-31
2012,rank_repsf4_lag1,0.0038569275474907,phase2_expanding_prior50_learned50,2010-01-01,2011-12-31,319495,expanding,prior50_learned50,volatility_scaled_overnight_return,overnight_next / (vol20 / sqrt(252)),2010-01-01,2024-12-31
2012,rank_final_score_lag1,0.0067496232081087,phase2_expanding_prior50_learned50,2010-01-01,2011-12-31,319495,expanding,prior50_learned50,volatility_scaled_overnight_return,overnight_next / (vol20 / sqrt(252)),2010-01-01,2024-12-31
2012,rank_score_velocity_lag1,0.002892695660618,phase2_expanding_prior50_learned50,2010-01-01,2011-12-31,319495,expanding,prior50_learned50,volatility_scaled_overnight_return,overnight_next / (vol20 / sqrt(252)),2010-01-01,2024-12-31
2012,rank_momentum_score_lag1,0.002892695660618,phase2_expanding_prior50_learned50,2010-01-01,2011-12-31,319495,expanding,prior50_learned50,volatility_scaled_overnight_return,overnight_next / (vol20 / sqrt(252)),2010-01-01,2024-12-31
2012,rank_dsi_lag1,-0.0259520764752037,phase2_expanding_prior50_learned50,2010-01-01,2011-12-31,319495,expanding,prior50_learned50,volatility_scaled_overnight_return,overnight_next / (vol20 / sqrt(252)),2010-01-01,2024-12-31
2012,rank_dtcn_lag1,-0.0604914227052427,phase2_expanding_prior50_learned50,2010-01-01,2011-12-31,319495,expanding,prior50_learned50,volatility_scaled_overnight_return,overnight_next / (vol20 / sqrt(252)),2010-01-01,2024-12-31
2012,rank_ddtcn_lag1,-0.0025241943424125,phase2_expanding_prior50_learned50,2010-01-01,2011-12-31,319495,expanding,prior50_learned50,volatility_scaled_overnight_return,overnight_next / (vol20 / sqrt(252)),2010-01-01,2024-12-31
2012,rank_industry_return_lag1,0.0019284637737453,phase2_expanding_prior50_learned50,2010-01-01,2011-12-31,319495,expanding,prior50_learned50,volatility_scaled_overnight_return,overnight_next / (vol20 / sqrt(252)),2010-01-01,2024-12-31
2013,rank_r_on_1d,0.122198632402552,phase2_expanding_prior50_learned50,2010-01-01,2012-12-31,485361,expanding,prior50_learned50,volatility_scaled_overnight_return,overnight_next / (vol20 / sqrt(252)),2010-01-01,2024-12-31
2013,rank_r_on_5d,0.1276539284919517,phase2_expanding_prior50_learned50,2010-01-01,2012-12-31,485361,expanding,prior50_learned50,volatility_scaled_overnight_return,overnight_next / (vol20 / sqrt(252)),2010-01-01,2024-12-31
2013,rank_r_id_1d,-0.1429287575422707,phase2_expanding_prior50_learned50,2010-01-01,2012-12-31,485361,expanding,prior50_learned50,volatility_scaled_overnight_return,overnight_next / (vol20 / sqrt(252)),2010-01-01,2024-12-31
2013,rank_ret_cc_5d,-0.1429287575422707,phase2_expanding_prior50_learned50,2010-01-01,2012-12-31,485361,expanding,prior50_learned50,volatility_scaled_overnight_return,overnight_next / (vol20 / sqrt(252)),2010-01-01,2024-12-31
2013,rank_ret_cc_20d,-0.0767277000670711,phase2_expanding_prior50_learned50,2010-01-01,2012-12-31,485361,expanding,prior50_learned50,volatility_scaled_overnight_return,overnight_next / (vol20 / sqrt(252)),2010-01-01,2024-12-31
2013,rank_ret_cc_60d,-0.0344404999552125,phase2_expanding_prior50_learned50,2010-01-01,2012-12-31,485361,expanding,prior50_learned50,volatility_scaled_overnight_return,overnight_next / (vol20 / sqrt(252)),2010-01-01,2024-12-31
2013,rank_vol20,0.0761998902074276,phase2_expanding_prior50_learned50,2010-01-01,2012-12-31,485361,expanding,prior50_learned50,volatility_scaled_overnight_return,overnight_next / (vol20 / sqrt(252)),2010-01-01,2024-12-31
2013,rank_vol60,0.0877394911678212,phase2_expanding_prior50_learned50,2010-01-01,2012-12-31,485361,expanding,prior50_learned50,volatility_scaled_overnight_return,overnight_next / (vol20 / sqrt(252)),2010-01-01,2024-12-31
2013,rank_amihud20,0.0204915142458233,phase2_expanding_prior50_learned50,2010-01-01,2012-12-31,485361,expanding,prior50_learned50,volatility_scaled_overnight_return,overnight_next / (vol20 / sqrt(252)),2010-01-01,2024-12-31
2013,rank_adv20_log,0.0215813626411008,phase2_expanding_prior50_learned50,2010-01-01,2012-12-31,485361,expanding,prior50_learned50,volatility_scaled_overnight_return,overnight_next / (vol20 / sqrt(252)),2010-01-01,2024-12-31
2013,rank_market_cap_log,-0.0217152687383122,phase2_expanding_prior50_learned50,2010-01-01,2012-12-31,485361,expanding,prior50_learned50,volatility_scaled_overnight_return,overnight_next / (vol20 / sqrt(252)),2010-01-01,2024-12-31
2013,rank_piot_norm_lag1,-0.008300933035588,phase2_expanding_prior50_learned50,2010-01-01,2012-12-31,485361,expanding,prior50_learned50,volatility_scaled_overnight_return,overnight_next / (vol20 / sqrt(252)),2010-01-01,2024-12-31
2013,rank_gross_profit_margin_lag1,-0.0161524432037653,phase2_expanding_prior50_learned50,2010-01-01,2012-12-31,485361,expanding,prior50_learned50,volatility_scaled_overnight_return,overnight_next / (vol20 / sqrt(252)),2010-01-01,2024-12-31
2013,rank_asset_turnover_ratio_lag1,-0.0014175241118797,phase2_expanding_prior50_learned50,2010-01-01,2012-12-31,485361,expanding,prior50_learned50,volatility_scaled_overnight_return,overnight_next / (vol20 / sqrt(252)),2010-01-01,2024-12-31
2013,rank_net_debt_to_equity_lag1,-0.0012893954810918,phase2_expanding_prior50_learned50,2010-01-01,2012-12-31,485361,expanding,prior50_learned50,volatility_scaled_overnight_return,overnight_next / (vol20 / sqrt(252)),2010-01-01,2024-12-31
2013,rank_price_to_book_lag1,-0.0030425194093116,phase2_expanding_prior50_learned50,2010-01-01,2012-12-31,485361,expanding,prior50_learned50,volatility_scaled_overnight_return,overnight_next / (vol20 / sqrt(252)),2010-01-01,2024-12-31
2013,rank_ev_to_ebit_lag1,0.0016939556508014,phase2_expanding_prior50_learned50,2010-01-01,2012-12-31,485361,expanding,prior50_learned50,volatility_scaled_overnight_return,overnight_next / (vol20 / sqrt(252)),2010-01-01,2024-12-31
2013,rank_sue_lag1,0.0054552960893996,phase2_expanding_prior50_learned50,2010-01-01,2012-12-31,485361,expanding,prior50_learned50,volatility_scaled_overnight_return,overnight_next / (vol20 / sqrt(252)),2010-01-01,2024-12-31
2013,rank_deps_lag1,0.0054552960893996,phase2_expanding_prior50_learned50,2010-01-01,2012-12-31,485361,expanding,prior50_learned50,volatility_scaled_overnight_return,overnight_next / (vol20 / sqrt(252)),2010-01-01,2024-12-31
2013,rank_reps1_lag1,0.0043642368715197,phase2_expanding_prior50_learned50,2010-01-01,2012-12-31,485361,expanding,prior50_learned50,volatility_scaled_overnight_return,overnight_next / (vol20 / sqrt(252)),2010-01-01,2024-12-31
2013,rank_repsf4_lag1,0.0043642368715197,phase2_expanding_prior50_learned50,2010-01-01,2012-12-31,485361,expanding,prior50_learned50,volatility_scaled_overnight_return,overnight_next / (vol20 / sqrt(252)),2010-01-01,2024-12-31
2013,rank_final_score_lag1,0.0076374145251595,phase2_expanding_prior50_learned50,2010-01-01,2012-12-31,485361,expanding,prior50_learned50,volatility_scaled_overnight_return,overnight_next / (vol20 / sqrt(252)),2010-01-01,2024-12-31
2013,rank_score_velocity_lag1,0.0032731776536397,phase2_expanding_prior50_learned50,2010-01-01,2012-12-31,485361,expanding,prior50_learned50,volatility_scaled_overnight_return,overnight_next / (vol20 / sqrt(252)),2010-01-01,2024-12-31
2013,rank_momentum_score_lag1,0.0032731776536397,phase2_expanding_prior50_learned50,2010-01-01,2012-12-31,485361,expanding,prior50_learned50,volatility_scaled_overnight_return,overnight_next / (vol20 / sqrt(252)),2010-01-01,2024-12-31
2013,rank_dsi_lag1,-0.0113949664934765,phase2_expanding_prior50_learned50,2010-01-01,2012-12-31,485361,expanding,prior50_learned50,volatility_scaled_overnight_return,overnight_next / (vol20 / sqrt(252)),2010-01-01,2024-12-31
2013,rank_dtcn_lag1,-0.0445135200544291,phase2_expanding_prior50_learned50,2010-01-01,2012-12-31,485361,expanding,prior50_learned50,volatility_scaled_overnight_return,overnight_next / (vol20 / sqrt(252)),2010-01-01,2024-12-31
2013,rank_ddtcn_lag1,-0.0015839853678042,phase2_expanding_prior50_learned50,2010-01-01,2012-12-31,485361,expanding,prior50_learned50,volatility_scaled_overnight_return,overnight_next / (vol20 / sqrt(252)),2010-01-01,2024-12-31
2013,rank_industry_return_lag1,0.0021821184357598,phase2_expanding_prior50_learned50,2010-01-01,2012-12-31,485361,expanding,prior50_learned50,volatility_scaled_overnight_return,overnight_next / (vol20 / sqrt(252)),2010-01-01,2024-12-31
2014,rank_r_on_1d,0.1187228955783097,phase2_expanding_prior50_learned50,2010-01-01,2013-12-31,669512,expanding,prior50_learned50,volatility_scaled_overnight_return,overnight_next / (vol20 / sqrt(252)),2010-01-01,2024-12-31
2014,rank_r_on_5d,0.1240230248451985,phase2_expanding_prior50_learned50,2010-01-01,2013-12-31,669512,expanding,prior50_learned50,volatility_scaled_overnight_return,overnight_next / (vol20 / sqrt(252)),2010-01-01,2024-12-31
2014,rank_r_id_1d,-0.1388633867924872,phase2_expanding_prior50_learned50,2010-01-01,2013-12-31,669512,expanding,prior50_learned50,volatility_scaled_overnight_return,overnight_next / (vol20 / sqrt(252)),2010-01-01,2024-12-31
2014,rank_ret_cc_5d,-0.1388633867924872,phase2_expanding_prior50_learned50,2010-01-01,2013-12-31,669512,expanding,prior50_learned50,volatility_scaled_overnight_return,overnight_next / (vol20 / sqrt(252)),2010-01-01,2024-12-31
2014,rank_ret_cc_20d,-0.0707966461829344,phase2_expanding_prior50_learned50,2010-01-01,2013-12-31,669512,expanding,prior50_learned50,volatility_scaled_overnight_return,overnight_next / (vol20 / sqrt(252)),2010-01-01,2024-12-31
2014,rank_ret_cc_60d,-0.0097057878051186,phase2_expanding_prior50_learned50,2010-01-01,2013-12-31,669512,expanding,prior50_learned50,volatility_scaled_overnight_return,overnight_next / (vol20 / sqrt(252)),2010-01-01,2024-12-31
2014,rank_vol20,0.0716680705230516,phase2_expanding_prior50_learned50,2010-01-01,2013-12-31,669512,expanding,prior50_learned50,volatility_scaled_overnight_return,overnight_next / (vol20 / sqrt(252)),2010-01-01,2024-12-31
2014,rank_vol60,0.0861193849774531,phase2_expanding_prior50_learned50,2010-01-01,2013-12-31,669512,expanding,prior50_learned50,volatility_scaled_overnight_return,overnight_next / (vol20 / sqrt(252)),2010-01-01,2024-12-31
2014,rank_amihud20,0.0221626979471097,phase2_expanding_prior50_learned50,2010-01-01,2013-12-31,669512,expanding,prior50_learned50,volatility_scaled_overnight_return,overnight_next / (vol20 / sqrt(252)),2010-01-01,2024-12-31
2014,rank_adv20_log,0.020579922577761,phase2_expanding_prior50_learned50,2010-01-01,2013-12-31,669512,expanding,prior50_learned50,volatility_scaled_overnight_return,overnight_next / (vol20 / sqrt(252)),2010-01-01,2024-12-31
2014,rank_market_cap_log,-0.0156291361972113,phase2_expanding_prior50_learned50,2010-01-01,2013-12-31,669512,expanding,prior50_learned50,volatility_scaled_overnight_return,overnight_next / (vol20 / sqrt(252)),2010-01-01,2024-12-31
2014,rank_piot_norm_lag1,-0.0207415184123918,phase2_expanding_prior50_learned50,2010-01-01,2013-12-31,669512,expanding,prior50_learned50,volatility_scaled_overnight_return,overnight_next / (vol20 / sqrt(252)),2010-01-01,2024-12-31
2014,rank_gross_profit_margin_lag1,-0.0275688220507285,phase2_expanding_prior50_learned50,2010-01-01,2013-12-31,669512,expanding,prior50_learned50,volatility_scaled_overnight_return,overnight_next / (vol20 / sqrt(252)),2010-01-01,2024-12-31
2014,rank_asset_turnover_ratio_lag1,-0.0050255940295454,phase2_expanding_prior50_learned50,2010-01-01,2013-12-31,669512,expanding,prior50_learned50,volatility_scaled_overnight_return,overnight_next / (vol20 / sqrt(252)),2010-01-01,2024-12-31
2014,rank_net_debt_to_equity_lag1,-0.0031599673338328,phase2_expanding_prior50_learned50,2010-01-01,2013-12-31,669512,expanding,prior50_learned50,volatility_scaled_overnight_return,overnight_next / (vol20 / sqrt(252)),2010-01-01,2024-12-31
2014,rank_price_to_book_lag1,0.0016438172668899,phase2_expanding_prior50_learned50,2010-01-01,2013-12-31,669512,expanding,prior50_learned50,volatility_scaled_overnight_return,overnight_next / (vol20 / sqrt(252)),2010-01-01,2024-12-31
2014,rank_ev_to_ebit_lag1,-0.0013763865662397,phase2_expanding_prior50_learned50,2010-01-01,2013-12-31,669512,expanding,prior50_learned50,volatility_scaled_overnight_return,overnight_next / (vol20 / sqrt(252)),2010-01-01,2024-12-31
2014,rank_sue_lag1,0.0053001292668888,phase2_expanding_prior50_learned50,2010-01-01,2013-12-31,669512,expanding,prior50_learned50,volatility_scaled_overnight_return,overnight_next / (vol20 / sqrt(252)),2010-01-01,2024-12-31
2014,rank_deps_lag1,0.0007625940295313,phase2_expanding_prior50_learned50,2010-01-01,2013-12-31,669512,expanding,prior50_learned50,volatility_scaled_overnight_return,overnight_next / (vol20 / sqrt(252)),2010-01-01,2024-12-31
2014,rank_reps1_lag1,0.0082216894074595,phase2_expanding_prior50_learned50,2010-01-01,2013-12-31,669512,expanding,prior50_learned50,volatility_scaled_overnight_return,overnight_next / (vol20 / sqrt(252)),2010-01-01,2024-12-31
2014,rank_repsf4_lag1,0.004240103413511,phase2_expanding_prior50_learned50,2010-01-01,2013-12-31,669512,expanding,prior50_learned50,volatility_scaled_overnight_return,overnight_next / (vol20 / sqrt(252)),2010-01-01,2024-12-31
2014,rank_final_score_lag1,-0.017996896678896,phase2_expanding_prior50_learned50,2010-01-01,2013-12-31,669512,expanding,prior50_learned50,volatility_scaled_overnight_return,overnight_next / (vol20 / sqrt(252)),2010-01-01,2024-12-31
2014,rank_score_velocity_lag1,0.0125927147033643,phase2_expanding_prior50_learned50,2010-01-01,2013-12-31,669512,expanding,prior50_learned50,volatility_scaled_overnight_return,overnight_next / (vol20 / sqrt(252)),2010-01-01,2024-12-31
2014,rank_momentum_score_lag1,-0.0227275095860068,phase2_expanding_prior50_learned50,2010-01-01,2013-12-31,669512,expanding,prior50_learned50,volatility_scaled_overnight_return,overnight_next / (vol20 / sqrt(252)),2010-01-01,2024-12-31
2014,rank_dsi_lag1,-0.0022118675411701,phase2_expanding_prior50_learned50,2010-01-01,2013-12-31,669512,expanding,prior50_learned50,volatility_scaled_overnight_return,overnight_next / (vol20 / sqrt(252)),2010-01-01,2024-12-31
2014,rank_dtcn_lag1,-0.037601997317992,phase2_expanding_prior50_learned50,2010-01-01,2013-12-31,669512,expanding,prior50_learned50,volatility_scaled_overnight_return,overnight_next / (vol20 / sqrt(252)),2010-01-01,2024-12-31
2014,rank_ddtcn_lag1,-0.009574000469673,phase2_expanding_prior50_learned50,2010-01-01,2013-12-31,669512,expanding,prior50_learned50,volatility_scaled_overnight_return,overnight_next / (vol20 / sqrt(252)),2010-01-01,2024-12-31
2014,rank_industry_return_lag1,0.0021200517067555,phase2_expanding_prior50_learned50,2010-01-01,2013-12-31,669512,expanding,prior50_learned50,volatility_scaled_overnight_return,overnight_next / (vol20 / sqrt(252)),2010-01-01,2024-12-31
2015,rank_r_on_1d,0.1337177263515346,phase2_expanding_prior50_learned50,2010-01-01,2014-12-31,873778,expanding,prior50_learned50,volatility_scaled_overnight_return,overnight_next / (vol20 / sqrt(252)),2010-01-01,2024-12-31
2015,rank_r_on_5d,0.1396872677065138,phase2_expanding_prior50_learned50,2010-01-01,2014-12-31,873778,expanding,prior50_learned50,volatility_scaled_overnight_return,overnight_next / (vol20 / sqrt(252)),2010-01-01,2024-12-31
2015,rank_r_id_1d,-0.1564019835004556,phase2_expanding_prior50_learned50,2010-01-01,2014-12-31,873778,expanding,prior50_learned50,volatility_scaled_overnight_return,overnight_next / (vol20 / sqrt(252)),2010-01-01,2024-12-31
2015,rank_ret_cc_5d,-0.1564019835004556,phase2_expanding_prior50_learned50,2010-01-01,2014-12-31,873778,expanding,prior50_learned50,volatility_scaled_overnight_return,overnight_next / (vol20 / sqrt(252)),2010-01-01,2024-12-31
2015,rank_ret_cc_20d,-0.071490628463571,phase2_expanding_prior50_learned50,2010-01-01,2014-12-31,873778,expanding,prior50_learned50,volatility_scaled_overnight_return,overnight_next / (vol20 / sqrt(252)),2010-01-01,2024-12-31
2015,rank_ret_cc_60d,0.0004984123017562,phase2_expanding_prior50_learned50,2010-01-01,2014-12-31,873778,expanding,prior50_learned50,volatility_scaled_overnight_return,overnight_next / (vol20 / sqrt(252)),2010-01-01,2024-12-31
2015,rank_vol20,0.0533135203264241,phase2_expanding_prior50_learned50,2010-01-01,2014-12-31,873778,expanding,prior50_learned50,volatility_scaled_overnight_return,overnight_next / (vol20 / sqrt(252)),2010-01-01,2024-12-31
2015,rank_vol60,0.0708385794996933,phase2_expanding_prior50_learned50,2010-01-01,2014-12-31,873778,expanding,prior50_learned50,volatility_scaled_overnight_return,overnight_next / (vol20 / sqrt(252)),2010-01-01,2024-12-31
2015,rank_amihud20,0.0022998419317773,phase2_expanding_prior50_learned50,2010-01-01,2014-12-31,873778,expanding,prior50_learned50,volatility_scaled_overnight_return,overnight_next / (vol20 / sqrt(252)),2010-01-01,2024-12-31
2015,rank_adv20_log,0.0310107934534567,phase2_expanding_prior50_learned50,2010-01-01,2014-12-31,873778,expanding,prior50_learned50,volatility_scaled_overnight_return,overnight_next / (vol20 / sqrt(252)),2010-01-01,2024-12-31
2015,rank_market_cap_log,0.0053109261311717,phase2_expanding_prior50_learned50,2010-01-01,2014-12-31,873778,expanding,prior50_learned50,volatility_scaled_overnight_return,overnight_next / (vol20 / sqrt(252)),2010-01-01,2024-12-31
2015,rank_piot_norm_lag1,0.0005505056705007,phase2_expanding_prior50_learned50,2010-01-01,2014-12-31,873778,expanding,prior50_learned50,volatility_scaled_overnight_return,overnight_next / (vol20 / sqrt(252)),2010-01-01,2024-12-31
2015,rank_gross_profit_margin_lag1,-0.0087801810271837,phase2_expanding_prior50_learned50,2010-01-01,2014-12-31,873778,expanding,prior50_learned50,volatility_scaled_overnight_return,overnight_next / (vol20 / sqrt(252)),2010-01-01,2024-12-31
2015,rank_asset_turnover_ratio_lag1,-0.011239734418502,phase2_expanding_prior50_learned50,2010-01-01,2014-12-31,873778,expanding,prior50_learned50,volatility_scaled_overnight_return,overnight_next / (vol20 / sqrt(252)),2010-01-01,2024-12-31
2015,rank_net_debt_to_equity_lag1,-0.0039403122738372,phase2_expanding_prior50_learned50,2010-01-01,2014-12-31,873778,expanding,prior50_learned50,volatility_scaled_overnight_return,overnight_next / (vol20 / sqrt(252)),2010-01-01,2024-12-31
2015,rank_price_to_book_lag1,0.0123401700387846,phase2_expanding_prior50_learned50,2010-01-01,2014-12-31,873778,expanding,prior50_learned50,volatility_scaled_overnight_return,overnight_next / (vol20 / sqrt(252)),2010-01-01,2024-12-31
2015,rank_ev_to_ebit_lag1,-0.0012532401695959,phase2_expanding_prior50_learned50,2010-01-01,2014-12-31,873778,expanding,prior50_learned50,volatility_scaled_overnight_return,overnight_next / (vol20 / sqrt(252)),2010-01-01,2024-12-31
2015,rank_sue_lag1,0.0059695413549792,phase2_expanding_prior50_learned50,2010-01-01,2014-12-31,873778,expanding,prior50_learned50,volatility_scaled_overnight_return,overnight_next / (vol20 / sqrt(252)),2010-01-01,2024-12-31
2015,rank_deps_lag1,0.023226344784411,phase2_expanding_prior50_learned50,2010-01-01,2014-12-31,873778,expanding,prior50_learned50,volatility_scaled_overnight_return,overnight_next / (vol20 / sqrt(252)),2010-01-01,2024-12-31
2015,rank_reps1_lag1,-0.0030276393104838,phase2_expanding_prior50_learned50,2010-01-01,2014-12-31,873778,expanding,prior50_learned50,volatility_scaled_overnight_return,overnight_next / (vol20 / sqrt(252)),2010-01-01,2024-12-31
2015,rank_repsf4_lag1,0.0047756330839833,phase2_expanding_prior50_learned50,2010-01-01,2014-12-31,873778,expanding,prior50_learned50,volatility_scaled_overnight_return,overnight_next / (vol20 / sqrt(252)),2010-01-01,2024-12-31
2015,rank_final_score_lag1,-0.0027566865216509,phase2_expanding_prior50_learned50,2010-01-01,2014-12-31,873778,expanding,prior50_learned50,volatility_scaled_overnight_return,overnight_next / (vol20 / sqrt(252)),2010-01-01,2024-12-31
2015,rank_score_velocity_lag1,0.009096192662053,phase2_expanding_prior50_learned50,2010-01-01,2014-12-31,873778,expanding,prior50_learned50,volatility_scaled_overnight_return,overnight_next / (vol20 / sqrt(252)),2010-01-01,2024-12-31
2015,rank_momentum_score_lag1,-0.0346517152268634,phase2_expanding_prior50_learned50,2010-01-01,2014-12-31,873778,expanding,prior50_learned50,volatility_scaled_overnight_return,overnight_next / (vol20 / sqrt(252)),2010-01-01,2024-12-31
2015,rank_dsi_lag1,-0.0139529164382094,phase2_expanding_prior50_learned50,2010-01-01,2014-12-31,873778,expanding,prior50_learned50,volatility_scaled_overnight_return,overnight_next / (vol20 / sqrt(252)),2010-01-01,2024-12-31
2015,rank_dtcn_lag1,-0.0407974121779903,phase2_expanding_prior50_learned50,2010-01-01,2014-12-31,873778,expanding,prior50_learned50,volatility_scaled_overnight_return,overnight_next / (vol20 / sqrt(252)),2010-01-01,2024-12-31
2015,rank_ddtcn_lag1,-0.0002822951321686,phase2_expanding_prior50_learned50,2010-01-01,2014-12-31,873778,expanding,prior50_learned50,volatility_scaled_overnight_return,overnight_next / (vol20 / sqrt(252)),2010-01-01,2024-12-31
2015,rank_industry_return_lag1,0.0023878165419916,phase2_expanding_prior50_learned50,2010-01-01,2014-12-31,873778,expanding,prior50_learned50,volatility_scaled_overnight_return,overnight_next / (vol20 / sqrt(252)),2010-01-01,2024-12-31
2016,rank_r_on_1d,0.1290638157337595,phase2_expanding_prior50_learned50,2010-01-01,2015-12-31,1084968,expanding,prior50_learned50,volatility_scaled_overnight_return,overnight_next / (vol20 / sqrt(252)),2010-01-01,2024-12-31
2016,rank_r_on_5d,0.1348255932218738,phase2_expanding_prior50_learned50,2010-01-01,2015-12-31,1084968,expanding,prior50_learned50,volatility_scaled_overnight_return,overnight_next / (vol20 / sqrt(252)),2010-01-01,2024-12-31
2016,rank_r_id_1d,-0.1509585701885938,phase2_expanding_prior50_learned50,2010-01-01,2015-12-31,1084968,expanding,prior50_learned50,volatility_scaled_overnight_return,overnight_next / (vol20 / sqrt(252)),2010-01-01,2024-12-31
2016,rank_ret_cc_5d,-0.1509585701885938,phase2_expanding_prior50_learned50,2010-01-01,2015-12-31,1084968,expanding,prior50_learned50,volatility_scaled_overnight_return,overnight_next / (vol20 / sqrt(252)),2010-01-01,2024-12-31
2016,rank_ret_cc_20d,-0.0632466453865138,phase2_expanding_prior50_learned50,2010-01-01,2015-12-31,1084968,expanding,prior50_learned50,volatility_scaled_overnight_return,overnight_next / (vol20 / sqrt(252)),2010-01-01,2024-12-31
2016,rank_ret_cc_60d,0.0079020484869178,phase2_expanding_prior50_learned50,2010-01-01,2015-12-31,1084968,expanding,prior50_learned50,volatility_scaled_overnight_return,overnight_next / (vol20 / sqrt(252)),2010-01-01,2024-12-31
2016,rank_vol20,0.0370050511649825,phase2_expanding_prior50_learned50,2010-01-01,2015-12-31,1084968,expanding,prior50_learned50,volatility_scaled_overnight_return,overnight_next / (vol20 / sqrt(252)),2010-01-01,2024-12-31
2016,rank_vol60,0.0530418810965306,phase2_expanding_prior50_learned50,2010-01-01,2015-12-31,1084968,expanding,prior50_learned50,volatility_scaled_overnight_return,overnight_next / (vol20 / sqrt(252)),2010-01-01,2024-12-31
2016,rank_amihud20,-0.0174800327805841,phase2_expanding_prior50_learned50,2010-01-01,2015-12-31,1084968,expanding,prior50_learned50,volatility_scaled_overnight_return,overnight_next / (vol20 / sqrt(252)),2010-01-01,2024-12-31
2016,rank_adv20_log,0.0432087072254222,phase2_expanding_prior50_learned50,2010-01-01,2015-12-31,1084968,expanding,prior50_learned50,volatility_scaled_overnight_return,overnight_next / (vol20 / sqrt(252)),2010-01-01,2024-12-31
2016,rank_market_cap_log,0.0201349545588239,phase2_expanding_prior50_learned50,2010-01-01,2015-12-31,1084968,expanding,prior50_learned50,volatility_scaled_overnight_return,overnight_next / (vol20 / sqrt(252)),2010-01-01,2024-12-31
2016,rank_piot_norm_lag1,-0.0022721815828614,phase2_expanding_prior50_learned50,2010-01-01,2015-12-31,1084968,expanding,prior50_learned50,volatility_scaled_overnight_return,overnight_next / (vol20 / sqrt(252)),2010-01-01,2024-12-31
2016,rank_gross_profit_margin_lag1,-0.0019705285227649,phase2_expanding_prior50_learned50,2010-01-01,2015-12-31,1084968,expanding,prior50_learned50,volatility_scaled_overnight_return,overnight_next / (vol20 / sqrt(252)),2010-01-01,2024-12-31
2016,rank_asset_turnover_ratio_lag1,-0.0118766568136856,phase2_expanding_prior50_learned50,2010-01-01,2015-12-31,1084968,expanding,prior50_learned50,volatility_scaled_overnight_return,overnight_next / (vol20 / sqrt(252)),2010-01-01,2024-12-31
2016,rank_net_debt_to_equity_lag1,0.0022968765174897,phase2_expanding_prior50_learned50,2010-01-01,2015-12-31,1084968,expanding,prior50_learned50,volatility_scaled_overnight_return,overnight_next / (vol20 / sqrt(252)),2010-01-01,2024-12-31
2016,rank_price_to_book_lag1,0.018803018771855,phase2_expanding_prior50_learned50,2010-01-01,2015-12-31,1084968,expanding,prior50_learned50,volatility_scaled_overnight_return,overnight_next / (vol20 / sqrt(252)),2010-01-01,2024-12-31
2016,rank_ev_to_ebit_lag1,0.0107592976821428,phase2_expanding_prior50_learned50,2010-01-01,2015-12-31,1084968,expanding,prior50_learned50,volatility_scaled_overnight_return,overnight_next / (vol20 / sqrt(252)),2010-01-01,2024-12-31
2016,rank_sue_lag1,0.0134748801633483,phase2_expanding_prior50_learned50,2010-01-01,2015-12-31,1084968,expanding,prior50_learned50,volatility_scaled_overnight_return,overnight_next / (vol20 / sqrt(252)),2010-01-01,2024-12-31
2016,rank_deps_lag1,0.0228020495635729,phase2_expanding_prior50_learned50,2010-01-01,2015-12-31,1084968,expanding,prior50_learned50,volatility_scaled_overnight_return,overnight_next / (vol20 / sqrt(252)),2010-01-01,2024-12-31
2016,rank_reps1_lag1,-0.0020783762318699,phase2_expanding_prior50_learned50,2010-01-01,2015-12-31,1084968,expanding,prior50_learned50,volatility_scaled_overnight_return,overnight_next / (vol20 / sqrt(252)),2010-01-01,2024-12-31
2016,rank_repsf4_lag1,0.0040470041971027,phase2_expanding_prior50_learned50,2010-01-01,2015-12-31,1084968,expanding,prior50_learned50,volatility_scaled_overnight_return,overnight_next / (vol20 / sqrt(252)),2010-01-01,2024-12-31
2016,rank_final_score_lag1,-0.0017618520479419,phase2_expanding_prior50_learned50,2010-01-01,2015-12-31,1084968,expanding,prior50_learned50,volatility_scaled_overnight_return,overnight_next / (vol20 / sqrt(252)),2010-01-01,2024-12-31
2016,rank_score_velocity_lag1,0.0073434916879985,phase2_expanding_prior50_learned50,2010-01-01,2015-12-31,1084968,expanding,prior50_learned50,volatility_scaled_overnight_return,overnight_next / (vol20 / sqrt(252)),2010-01-01,2024-12-31
2016,rank_momentum_score_lag1,-0.0236384825664903,phase2_expanding_prior50_learned50,2010-01-01,2015-12-31,1084968,expanding,prior50_learned50,volatility_scaled_overnight_return,overnight_next / (vol20 / sqrt(252)),2010-01-01,2024-12-31
2016,rank_dsi_lag1,-0.0193113675660437,phase2_expanding_prior50_learned50,2010-01-01,2015-12-31,1084968,expanding,prior50_learned50,volatility_scaled_overnight_return,overnight_next / (vol20 / sqrt(252)),2010-01-01,2024-12-31
2016,rank_dtcn_lag1,-0.0392706255033578,phase2_expanding_prior50_learned50,2010-01-01,2015-12-31,1084968,expanding,prior50_learned50,volatility_scaled_overnight_return,overnight_next / (vol20 / sqrt(252)),2010-01-01,2024-12-31
2016,rank_ddtcn_lag1,-0.0081627295536318,phase2_expanding_prior50_learned50,2010-01-01,2015-12-31,1084968,expanding,prior50_learned50,volatility_scaled_overnight_return,overnight_next / (vol20 / sqrt(252)),2010-01-01,2024-12-31
2016,rank_industry_return_lag1,0.0023047109952457,phase2_expanding_prior50_learned50,2010-01-01,2015-12-31,1084968,expanding,prior50_learned50,volatility_scaled_overnight_return,overnight_next / (vol20 / sqrt(252)),2010-01-01,2024-12-31
2017,rank_r_on_1d,0.1320155121768737,phase2_expanding_prior50_learned50,2010-01-01,2016-12-31,1303071,expanding,prior50_learned50,volatility_scaled_overnight_return,overnight_next / (vol20 / sqrt(252)),2010-01-01,2024-12-31
2017,rank_r_on_5d,0.1249595885208119,phase2_expanding_prior50_learned50,2010-01-01,2016-12-31,1303071,expanding,prior50_learned50,volatility_scaled_overnight_return,overnight_next / (vol20 / sqrt(252)),2010-01-01,2024-12-31
2017,rank_r_id_1d,-0.1544110008497362,phase2_expanding_prior50_learned50,2010-01-01,2016-12-31,1303071,expanding,prior50_learned50,volatility_scaled_overnight_return,overnight_next / (vol20 / sqrt(252)),2010-01-01,2024-12-31
2017,rank_ret_cc_5d,-0.1544110008497362,phase2_expanding_prior50_learned50,2010-01-01,2016-12-31,1303071,expanding,prior50_learned50,volatility_scaled_overnight_return,overnight_next / (vol20 / sqrt(252)),2010-01-01,2024-12-31
2017,rank_ret_cc_20d,-0.0737099381245677,phase2_expanding_prior50_learned50,2010-01-01,2016-12-31,1303071,expanding,prior50_learned50,volatility_scaled_overnight_return,overnight_next / (vol20 / sqrt(252)),2010-01-01,2024-12-31
2017,rank_ret_cc_60d,0.0015286059402907,phase2_expanding_prior50_learned50,2010-01-01,2016-12-31,1303071,expanding,prior50_learned50,volatility_scaled_overnight_return,overnight_next / (vol20 / sqrt(252)),2010-01-01,2024-12-31
2017,rank_vol20,0.046601147750114,phase2_expanding_prior50_learned50,2010-01-01,2016-12-31,1303071,expanding,prior50_learned50,volatility_scaled_overnight_return,overnight_next / (vol20 / sqrt(252)),2010-01-01,2024-12-31
2017,rank_vol60,0.0551216408077602,phase2_expanding_prior50_learned50,2010-01-01,2016-12-31,1303071,expanding,prior50_learned50,volatility_scaled_overnight_return,overnight_next / (vol20 / sqrt(252)),2010-01-01,2024-12-31
2017,rank_amihud20,-0.0107597305954777,phase2_expanding_prior50_learned50,2010-01-01,2016-12-31,1303071,expanding,prior50_learned50,volatility_scaled_overnight_return,overnight_next / (vol20 / sqrt(252)),2010-01-01,2024-12-31
2017,rank_adv20_log,0.0397838607649773,phase2_expanding_prior50_learned50,2010-01-01,2016-12-31,1303071,expanding,prior50_learned50,volatility_scaled_overnight_return,overnight_next / (vol20 / sqrt(252)),2010-01-01,2024-12-31
2017,rank_market_cap_log,0.011774018689082,phase2_expanding_prior50_learned50,2010-01-01,2016-12-31,1303071,expanding,prior50_learned50,volatility_scaled_overnight_return,overnight_next / (vol20 / sqrt(252)),2010-01-01,2024-12-31
2017,rank_piot_norm_lag1,-0.0100359876169273,phase2_expanding_prior50_learned50,2010-01-01,2016-12-31,1303071,expanding,prior50_learned50,volatility_scaled_overnight_return,overnight_next / (vol20 / sqrt(252)),2010-01-01,2024-12-31
2017,rank_gross_profit_margin_lag1,-0.0136012366566864,phase2_expanding_prior50_learned50,2010-01-01,2016-12-31,1303071,expanding,prior50_learned50,volatility_scaled_overnight_return,overnight_next / (vol20 / sqrt(252)),2010-01-01,2024-12-31
2017,rank_asset_turnover_ratio_lag1,-0.0181993478587541,phase2_expanding_prior50_learned50,2010-01-01,2016-12-31,1303071,expanding,prior50_learned50,volatility_scaled_overnight_return,overnight_next / (vol20 / sqrt(252)),2010-01-01,2024-12-31
2017,rank_net_debt_to_equity_lag1,-0.0007869748328333,phase2_expanding_prior50_learned50,2010-01-01,2016-12-31,1303071,expanding,prior50_learned50,volatility_scaled_overnight_return,overnight_next / (vol20 / sqrt(252)),2010-01-01,2024-12-31
2017,rank_price_to_book_lag1,0.0009008144527959,phase2_expanding_prior50_learned50,2010-01-01,2016-12-31,1303071,expanding,prior50_learned50,volatility_scaled_overnight_return,overnight_next / (vol20 / sqrt(252)),2010-01-01,2024-12-31
2017,rank_ev_to_ebit_lag1,0.0092837165520962,phase2_expanding_prior50_learned50,2010-01-01,2016-12-31,1303071,expanding,prior50_learned50,volatility_scaled_overnight_return,overnight_next / (vol20 / sqrt(252)),2010-01-01,2024-12-31
2017,rank_sue_lag1,0.008617806187598,phase2_expanding_prior50_learned50,2010-01-01,2016-12-31,1303071,expanding,prior50_learned50,volatility_scaled_overnight_return,overnight_next / (vol20 / sqrt(252)),2010-01-01,2024-12-31
2017,rank_deps_lag1,0.0180713172590635,phase2_expanding_prior50_learned50,2010-01-01,2016-12-31,1303071,expanding,prior50_learned50,volatility_scaled_overnight_return,overnight_next / (vol20 / sqrt(252)),2010-01-01,2024-12-31
2017,rank_reps1_lag1,-0.0042897013862469,phase2_expanding_prior50_learned50,2010-01-01,2016-12-31,1303071,expanding,prior50_learned50,volatility_scaled_overnight_return,overnight_next / (vol20 / sqrt(252)),2010-01-01,2024-12-31
2017,rank_repsf4_lag1,0.0101010195908199,phase2_expanding_prior50_learned50,2010-01-01,2016-12-31,1303071,expanding,prior50_learned50,volatility_scaled_overnight_return,overnight_next / (vol20 / sqrt(252)),2010-01-01,2024-12-31
2017,rank_final_score_lag1,-0.005422652000209,phase2_expanding_prior50_learned50,2010-01-01,2016-12-31,1303071,expanding,prior50_learned50,volatility_scaled_overnight_return,overnight_next / (vol20 / sqrt(252)),2010-01-01,2024-12-31
2017,rank_score_velocity_lag1,0.0105920525075542,phase2_expanding_prior50_learned50,2010-01-01,2016-12-31,1303071,expanding,prior50_learned50,volatility_scaled_overnight_return,overnight_next / (vol20 / sqrt(252)),2010-01-01,2024-12-31
2017,rank_momentum_score_lag1,-0.0180579402458267,phase2_expanding_prior50_learned50,2010-01-01,2016-12-31,1303071,expanding,prior50_learned50,volatility_scaled_overnight_return,overnight_next / (vol20 / sqrt(252)),2010-01-01,2024-12-31
2017,rank_dsi_lag1,-0.0127627042425111,phase2_expanding_prior50_learned50,2010-01-01,2016-12-31,1303071,expanding,prior50_learned50,volatility_scaled_overnight_return,overnight_next / (vol20 / sqrt(252)),2010-01-01,2024-12-31
2017,rank_dtcn_lag1,-0.0400965788343188,phase2_expanding_prior50_learned50,2010-01-01,2016-12-31,1303071,expanding,prior50_learned50,volatility_scaled_overnight_return,overnight_next / (vol20 / sqrt(252)),2010-01-01,2024-12-31
2017,rank_ddtcn_lag1,-0.0117466848460285,phase2_expanding_prior50_learned50,2010-01-01,2016-12-31,1303071,expanding,prior50_learned50,volatility_scaled_overnight_return,overnight_next / (vol20 / sqrt(252)),2010-01-01,2024-12-31
2017,rank_industry_return_lag1,0.0023574198603013,phase2_expanding_prior50_learned50,2010-01-01,2016-12-31,1303071,expanding,prior50_learned50,volatility_scaled_overnight_return,overnight_next / (vol20 / sqrt(252)),2010-01-01,2024-12-31
2018,rank_r_on_1d,0.1291643324120418,phase2_expanding_prior50_learned50,2010-01-01,2017-12-31,1526129,expanding,prior50_learned50,volatility_scaled_overnight_return,overnight_next / (vol20 / sqrt(252)),2010-01-01,2024-12-31
2018,rank_r_on_5d,0.1300759466957994,phase2_expanding_prior50_learned50,2010-01-01,2017-12-31,1526129,expanding,prior50_learned50,volatility_scaled_overnight_return,overnight_next / (vol20 / sqrt(252)),2010-01-01,2024-12-31
2018,rank_r_id_1d,-0.1510761388033704,phase2_expanding_prior50_learned50,2010-01-01,2017-12-31,1526129,expanding,prior50_learned50,volatility_scaled_overnight_return,overnight_next / (vol20 / sqrt(252)),2010-01-01,2024-12-31
2018,rank_ret_cc_5d,-0.1510761388033704,phase2_expanding_prior50_learned50,2010-01-01,2017-12-31,1526129,expanding,prior50_learned50,volatility_scaled_overnight_return,overnight_next / (vol20 / sqrt(252)),2010-01-01,2024-12-31
2018,rank_ret_cc_20d,-0.0616641234462827,phase2_expanding_prior50_learned50,2010-01-01,2017-12-31,1526129,expanding,prior50_learned50,volatility_scaled_overnight_return,overnight_next / (vol20 / sqrt(252)),2010-01-01,2024-12-31
2018,rank_ret_cc_60d,0.014083113369104,phase2_expanding_prior50_learned50,2010-01-01,2017-12-31,1526129,expanding,prior50_learned50,volatility_scaled_overnight_return,overnight_next / (vol20 / sqrt(252)),2010-01-01,2024-12-31
2018,rank_vol20,0.0315716469146987,phase2_expanding_prior50_learned50,2010-01-01,2017-12-31,1526129,expanding,prior50_learned50,volatility_scaled_overnight_return,overnight_next / (vol20 / sqrt(252)),2010-01-01,2024-12-31
2018,rank_vol60,0.0466708457050426,phase2_expanding_prior50_learned50,2010-01-01,2017-12-31,1526129,expanding,prior50_learned50,volatility_scaled_overnight_return,overnight_next / (vol20 / sqrt(252)),2010-01-01,2024-12-31
2018,rank_amihud20,-0.0005836049919564,phase2_expanding_prior50_learned50,2010-01-01,2017-12-31,1526129,expanding,prior50_learned50,volatility_scaled_overnight_return,overnight_next / (vol20 / sqrt(252)),2010-01-01,2024-12-31
2018,rank_adv20_log,0.0252326780593737,phase2_expanding_prior50_learned50,2010-01-01,2017-12-31,1526129,expanding,prior50_learned50,volatility_scaled_overnight_return,overnight_next / (vol20 / sqrt(252)),2010-01-01,2024-12-31
2018,rank_market_cap_log,0.0067966372875162,phase2_expanding_prior50_learned50,2010-01-01,2017-12-31,1526129,expanding,prior50_learned50,volatility_scaled_overnight_return,overnight_next / (vol20 / sqrt(252)),2010-01-01,2024-12-31
2018,rank_piot_norm_lag1,-0.0070933897193106,phase2_expanding_prior50_learned50,2010-01-01,2017-12-31,1526129,expanding,prior50_learned50,volatility_scaled_overnight_return,overnight_next / (vol20 / sqrt(252)),2010-01-01,2024-12-31
2018,rank_gross_profit_margin_lag1,-0.0172761780695996,phase2_expanding_prior50_learned50,2010-01-01,2017-12-31,1526129,expanding,prior50_learned50,volatility_scaled_overnight_return,overnight_next / (vol20 / sqrt(252)),2010-01-01,2024-12-31
2018,rank_asset_turnover_ratio_lag1,-0.0214084488934277,phase2_expanding_prior50_learned50,2010-01-01,2017-12-31,1526129,expanding,prior50_learned50,volatility_scaled_overnight_return,overnight_next / (vol20 / sqrt(252)),2010-01-01,2024-12-31
2018,rank_net_debt_to_equity_lag1,-0.0123701884384018,phase2_expanding_prior50_learned50,2010-01-01,2017-12-31,1526129,expanding,prior50_learned50,volatility_scaled_overnight_return,overnight_next / (vol20 / sqrt(252)),2010-01-01,2024-12-31
2018,rank_price_to_book_lag1,-0.0063247238518777,phase2_expanding_prior50_learned50,2010-01-01,2017-12-31,1526129,expanding,prior50_learned50,volatility_scaled_overnight_return,overnight_next / (vol20 / sqrt(252)),2010-01-01,2024-12-31
2018,rank_ev_to_ebit_lag1,0.0049768035814415,phase2_expanding_prior50_learned50,2010-01-01,2017-12-31,1526129,expanding,prior50_learned50,volatility_scaled_overnight_return,overnight_next / (vol20 / sqrt(252)),2010-01-01,2024-12-31
2018,rank_sue_lag1,0.0239131378461288,phase2_expanding_prior50_learned50,2010-01-01,2017-12-31,1526129,expanding,prior50_learned50,volatility_scaled_overnight_return,overnight_next / (vol20 / sqrt(252)),2010-01-01,2024-12-31
2018,rank_deps_lag1,0.0256840520708402,phase2_expanding_prior50_learned50,2010-01-01,2017-12-31,1526129,expanding,prior50_learned50,volatility_scaled_overnight_return,overnight_next / (vol20 / sqrt(252)),2010-01-01,2024-12-31
2018,rank_reps1_lag1,-0.0045491271463755,phase2_expanding_prior50_learned50,2010-01-01,2017-12-31,1526129,expanding,prior50_learned50,volatility_scaled_overnight_return,overnight_next / (vol20 / sqrt(252)),2010-01-01,2024-12-31
2018,rank_repsf4_lag1,0.0220677966678688,phase2_expanding_prior50_learned50,2010-01-01,2017-12-31,1526129,expanding,prior50_learned50,volatility_scaled_overnight_return,overnight_next / (vol20 / sqrt(252)),2010-01-01,2024-12-31
2018,rank_final_score_lag1,0.005461490498976,phase2_expanding_prior50_learned50,2010-01-01,2017-12-31,1526129,expanding,prior50_learned50,volatility_scaled_overnight_return,overnight_next / (vol20 / sqrt(252)),2010-01-01,2024-12-31
2018,rank_score_velocity_lag1,0.0100191689859645,phase2_expanding_prior50_learned50,2010-01-01,2017-12-31,1526129,expanding,prior50_learned50,volatility_scaled_overnight_return,overnight_next / (vol20 / sqrt(252)),2010-01-01,2024-12-31
2018,rank_momentum_score_lag1,-0.0136969095095926,phase2_expanding_prior50_learned50,2010-01-01,2017-12-31,1526129,expanding,prior50_learned50,volatility_scaled_overnight_return,overnight_next / (vol20 / sqrt(252)),2010-01-01,2024-12-31
2018,rank_dsi_lag1,-0.0222771967706349,phase2_expanding_prior50_learned50,2010-01-01,2017-12-31,1526129,expanding,prior50_learned50,volatility_scaled_overnight_return,overnight_next / (vol20 / sqrt(252)),2010-01-01,2024-12-31
2018,rank_dtcn_lag1,-0.0428688443587855,phase2_expanding_prior50_learned50,2010-01-01,2017-12-31,1526129,expanding,prior50_learned50,volatility_scaled_overnight_return,overnight_next / (vol20 / sqrt(252)),2010-01-01,2024-12-31
2018,rank_ddtcn_lag1,-0.0097108311662877,phase2_expanding_prior50_learned50,2010-01-01,2017-12-31,1526129,expanding,prior50_learned50,volatility_scaled_overnight_return,overnight_next / (vol20 / sqrt(252)),2010-01-01,2024-12-31
2018,rank_industry_return_lag1,0.0023065059359293,phase2_expanding_prior50_learned50,2010-01-01,2017-12-31,1526129,expanding,prior50_learned50,volatility_scaled_overnight_return,overnight_next / (vol20 / sqrt(252)),2010-01-01,2024-12-31
2019,rank_r_on_1d,0.1364975694852172,phase2_expanding_prior50_learned50,2010-01-01,2018-12-31,1760879,expanding,prior50_learned50,volatility_scaled_overnight_return,overnight_next / (vol20 / sqrt(252)),2010-01-01,2024-12-31
2019,rank_r_on_5d,0.1256376061823757,phase2_expanding_prior50_learned50,2010-01-01,2018-12-31,1760879,expanding,prior50_learned50,volatility_scaled_overnight_return,overnight_next / (vol20 / sqrt(252)),2010-01-01,2024-12-31
2019,rank_r_id_1d,-0.1596534071657451,phase2_expanding_prior50_learned50,2010-01-01,2018-12-31,1760879,expanding,prior50_learned50,volatility_scaled_overnight_return,overnight_next / (vol20 / sqrt(252)),2010-01-01,2024-12-31
2019,rank_ret_cc_5d,-0.1596534071657451,phase2_expanding_prior50_learned50,2010-01-01,2018-12-31,1760879,expanding,prior50_learned50,volatility_scaled_overnight_return,overnight_next / (vol20 / sqrt(252)),2010-01-01,2024-12-31
2019,rank_ret_cc_20d,-0.0666643365729012,phase2_expanding_prior50_learned50,2010-01-01,2018-12-31,1760879,expanding,prior50_learned50,volatility_scaled_overnight_return,overnight_next / (vol20 / sqrt(252)),2010-01-01,2024-12-31
2019,rank_ret_cc_60d,0.019779632411506,phase2_expanding_prior50_learned50,2010-01-01,2018-12-31,1760879,expanding,prior50_learned50,volatility_scaled_overnight_return,overnight_next / (vol20 / sqrt(252)),2010-01-01,2024-12-31
2019,rank_vol20,0.0166559542145513,phase2_expanding_prior50_learned50,2010-01-01,2018-12-31,1760879,expanding,prior50_learned50,volatility_scaled_overnight_return,overnight_next / (vol20 / sqrt(252)),2010-01-01,2024-12-31
2019,rank_vol60,0.0317924182665161,phase2_expanding_prior50_learned50,2010-01-01,2018-12-31,1760879,expanding,prior50_learned50,volatility_scaled_overnight_return,overnight_next / (vol20 / sqrt(252)),2010-01-01,2024-12-31
2019,rank_amihud20,-0.0039980142889867,phase2_expanding_prior50_learned50,2010-01-01,2018-12-31,1760879,expanding,prior50_learned50,volatility_scaled_overnight_return,overnight_next / (vol20 / sqrt(252)),2010-01-01,2024-12-31
2019,rank_adv20_log,0.0213135514228491,phase2_expanding_prior50_learned50,2010-01-01,2018-12-31,1760879,expanding,prior50_learned50,volatility_scaled_overnight_return,overnight_next / (vol20 / sqrt(252)),2010-01-01,2024-12-31
2019,rank_market_cap_log,0.0098490497269687,phase2_expanding_prior50_learned50,2010-01-01,2018-12-31,1760879,expanding,prior50_learned50,volatility_scaled_overnight_return,overnight_next / (vol20 / sqrt(252)),2010-01-01,2024-12-31
2019,rank_piot_norm_lag1,-0.0041861004599521,phase2_expanding_prior50_learned50,2010-01-01,2018-12-31,1760879,expanding,prior50_learned50,volatility_scaled_overnight_return,overnight_next / (vol20 / sqrt(252)),2010-01-01,2024-12-31
2019,rank_gross_profit_margin_lag1,-0.0118268715879782,phase2_expanding_prior50_learned50,2010-01-01,2018-12-31,1760879,expanding,prior50_learned50,volatility_scaled_overnight_return,overnight_next / (vol20 / sqrt(252)),2010-01-01,2024-12-31
2019,rank_asset_turnover_ratio_lag1,-0.0229765432019626,phase2_expanding_prior50_learned50,2010-01-01,2018-12-31,1760879,expanding,prior50_learned50,volatility_scaled_overnight_return,overnight_next / (vol20 / sqrt(252)),2010-01-01,2024-12-31
2019,rank_net_debt_to_equity_lag1,-0.0084881514600539,phase2_expanding_prior50_learned50,2010-01-01,2018-12-31,1760879,expanding,prior50_learned50,volatility_scaled_overnight_return,overnight_next / (vol20 / sqrt(252)),2010-01-01,2024-12-31
2019,rank_price_to_book_lag1,-0.0089051863212985,phase2_expanding_prior50_learned50,2010-01-01,2018-12-31,1760879,expanding,prior50_learned50,volatility_scaled_overnight_return,overnight_next / (vol20 / sqrt(252)),2010-01-01,2024-12-31
2019,rank_ev_to_ebit_lag1,0.001648765564734,phase2_expanding_prior50_learned50,2010-01-01,2018-12-31,1760879,expanding,prior50_learned50,volatility_scaled_overnight_return,overnight_next / (vol20 / sqrt(252)),2010-01-01,2024-12-31
2019,rank_sue_lag1,0.0259571088001899,phase2_expanding_prior50_learned50,2010-01-01,2018-12-31,1760879,expanding,prior50_learned50,volatility_scaled_overnight_return,overnight_next / (vol20 / sqrt(252)),2010-01-01,2024-12-31
2019,rank_deps_lag1,0.0291255826100166,phase2_expanding_prior50_learned50,2010-01-01,2018-12-31,1760879,expanding,prior50_learned50,volatility_scaled_overnight_return,overnight_next / (vol20 / sqrt(252)),2010-01-01,2024-12-31
2019,rank_reps1_lag1,-0.004700142768021,phase2_expanding_prior50_learned50,2010-01-01,2018-12-31,1760879,expanding,prior50_learned50,volatility_scaled_overnight_return,overnight_next / (vol20 / sqrt(252)),2010-01-01,2024-12-31
2019,rank_repsf4_lag1,0.0170149660381799,phase2_expanding_prior50_learned50,2010-01-01,2018-12-31,1760879,expanding,prior50_learned50,volatility_scaled_overnight_return,overnight_next / (vol20 / sqrt(252)),2010-01-01,2024-12-31
2019,rank_final_score_lag1,0.0107776119331747,phase2_expanding_prior50_learned50,2010-01-01,2018-12-31,1760879,expanding,prior50_learned50,volatility_scaled_overnight_return,overnight_next / (vol20 / sqrt(252)),2010-01-01,2024-12-31
2019,rank_score_velocity_lag1,0.0070570630889686,phase2_expanding_prior50_learned50,2010-01-01,2018-12-31,1760879,expanding,prior50_learned50,volatility_scaled_overnight_return,overnight_next / (vol20 / sqrt(252)),2010-01-01,2024-12-31
2019,rank_momentum_score_lag1,-0.0123507936467317,phase2_expanding_prior50_learned50,2010-01-01,2018-12-31,1760879,expanding,prior50_learned50,volatility_scaled_overnight_return,overnight_next / (vol20 / sqrt(252)),2010-01-01,2024-12-31
2019,rank_dsi_lag1,-0.0305903507821639,phase2_expanding_prior50_learned50,2010-01-01,2018-12-31,1760879,expanding,prior50_learned50,volatility_scaled_overnight_return,overnight_next / (vol20 / sqrt(252)),2010-01-01,2024-12-31
2019,rank_dtcn_lag1,-0.0435263030924272,phase2_expanding_prior50_learned50,2010-01-01,2018-12-31,1760879,expanding,prior50_learned50,volatility_scaled_overnight_return,overnight_next / (vol20 / sqrt(252)),2010-01-01,2024-12-31
2019,rank_ddtcn_lag1,-0.0069360551428332,phase2_expanding_prior50_learned50,2010-01-01,2018-12-31,1760879,expanding,prior50_learned50,volatility_scaled_overnight_return,overnight_next / (vol20 / sqrt(252)),2010-01-01,2024-12-31
2019,rank_industry_return_lag1,0.0024374565979503,phase2_expanding_prior50_learned50,2010-01-01,2018-12-31,1760879,expanding,prior50_learned50,volatility_scaled_overnight_return,overnight_next / (vol20 / sqrt(252)),2010-01-01,2024-12-31
2020,rank_r_on_1d,0.1423860479183686,phase2_expanding_prior50_learned50,2010-01-01,2019-12-31,1997623,expanding,prior50_learned50,volatility_scaled_overnight_return,overnight_next / (vol20 / sqrt(252)),2010-01-01,2024-12-31
2020,rank_r_on_5d,0.1290605205284474,phase2_expanding_prior50_learned50,2010-01-01,2019-12-31,1997623,expanding,prior50_learned50,volatility_scaled_overnight_return,overnight_next / (vol20 / sqrt(252)),2010-01-01,2024-12-31
2020,rank_r_id_1d,-0.1665408239045205,phase2_expanding_prior50_learned50,2010-01-01,2019-12-31,1997623,expanding,prior50_learned50,volatility_scaled_overnight_return,overnight_next / (vol20 / sqrt(252)),2010-01-01,2024-12-31
2020,rank_ret_cc_5d,-0.1665408239045205,phase2_expanding_prior50_learned50,2010-01-01,2019-12-31,1997623,expanding,prior50_learned50,volatility_scaled_overnight_return,overnight_next / (vol20 / sqrt(252)),2010-01-01,2024-12-31
2020,rank_ret_cc_20d,-0.0813305204795706,phase2_expanding_prior50_learned50,2010-01-01,2019-12-31,1997623,expanding,prior50_learned50,volatility_scaled_overnight_return,overnight_next / (vol20 / sqrt(252)),2010-01-01,2024-12-31
2020,rank_ret_cc_60d,0.0127741111045538,phase2_expanding_prior50_learned50,2010-01-01,2019-12-31,1997623,expanding,prior50_learned50,volatility_scaled_overnight_return,overnight_next / (vol20 / sqrt(252)),2010-01-01,2024-12-31
2020,rank_vol20,0.0027200253092812,phase2_expanding_prior50_learned50,2010-01-01,2019-12-31,1997623,expanding,prior50_learned50,volatility_scaled_overnight_return,overnight_next / (vol20 / sqrt(252)),2010-01-01,2024-12-31
2020,rank_vol60,0.02076797763627,phase2_expanding_prior50_learned50,2010-01-01,2019-12-31,1997623,expanding,prior50_learned50,volatility_scaled_overnight_return,overnight_next / (vol20 / sqrt(252)),2010-01-01,2024-12-31
2020,rank_amihud20,-0.0030432522875264,phase2_expanding_prior50_learned50,2010-01-01,2019-12-31,1997623,expanding,prior50_learned50,volatility_scaled_overnight_return,overnight_next / (vol20 / sqrt(252)),2010-01-01,2024-12-31
2020,rank_adv20_log,0.0149085700377007,phase2_expanding_prior50_learned50,2010-01-01,2019-12-31,1997623,expanding,prior50_learned50,volatility_scaled_overnight_return,overnight_next / (vol20 / sqrt(252)),2010-01-01,2024-12-31
2020,rank_market_cap_log,0.0097566639101458,phase2_expanding_prior50_learned50,2010-01-01,2019-12-31,1997623,expanding,prior50_learned50,volatility_scaled_overnight_return,overnight_next / (vol20 / sqrt(252)),2010-01-01,2024-12-31
2020,rank_piot_norm_lag1,-0.0054758456692097,phase2_expanding_prior50_learned50,2010-01-01,2019-12-31,1997623,expanding,prior50_learned50,volatility_scaled_overnight_return,overnight_next / (vol20 / sqrt(252)),2010-01-01,2024-12-31
2020,rank_gross_profit_margin_lag1,-0.0082925653093178,phase2_expanding_prior50_learned50,2010-01-01,2019-12-31,1997623,expanding,prior50_learned50,volatility_scaled_overnight_return,overnight_next / (vol20 / sqrt(252)),2010-01-01,2024-12-31
2020,rank_asset_turnover_ratio_lag1,-0.0180543679031017,phase2_expanding_prior50_learned50,2010-01-01,2019-12-31,1997623,expanding,prior50_learned50,volatility_scaled_overnight_return,overnight_next / (vol20 / sqrt(252)),2010-01-01,2024-12-31
2020,rank_net_debt_to_equity_lag1,-0.007263715475353,phase2_expanding_prior50_learned50,2010-01-01,2019-12-31,1997623,expanding,prior50_learned50,volatility_scaled_overnight_return,overnight_next / (vol20 / sqrt(252)),2010-01-01,2024-12-31
2020,rank_price_to_book_lag1,-0.002253781831946,phase2_expanding_prior50_learned50,2010-01-01,2019-12-31,1997623,expanding,prior50_learned50,volatility_scaled_overnight_return,overnight_next / (vol20 / sqrt(252)),2010-01-01,2024-12-31
2020,rank_ev_to_ebit_lag1,0.0091696181954794,phase2_expanding_prior50_learned50,2010-01-01,2019-12-31,1997623,expanding,prior50_learned50,volatility_scaled_overnight_return,overnight_next / (vol20 / sqrt(252)),2010-01-01,2024-12-31
2020,rank_sue_lag1,0.0303510935383641,phase2_expanding_prior50_learned50,2010-01-01,2019-12-31,1997623,expanding,prior50_learned50,volatility_scaled_overnight_return,overnight_next / (vol20 / sqrt(252)),2010-01-01,2024-12-31
2020,rank_deps_lag1,0.0282826045208392,phase2_expanding_prior50_learned50,2010-01-01,2019-12-31,1997623,expanding,prior50_learned50,volatility_scaled_overnight_return,overnight_next / (vol20 / sqrt(252)),2010-01-01,2024-12-31
2020,rank_reps1_lag1,-0.0036877202914376,phase2_expanding_prior50_learned50,2010-01-01,2019-12-31,1997623,expanding,prior50_learned50,volatility_scaled_overnight_return,overnight_next / (vol20 / sqrt(252)),2010-01-01,2024-12-31
2020,rank_repsf4_lag1,0.0135935725991604,phase2_expanding_prior50_learned50,2010-01-01,2019-12-31,1997623,expanding,prior50_learned50,volatility_scaled_overnight_return,overnight_next / (vol20 / sqrt(252)),2010-01-01,2024-12-31
2020,rank_final_score_lag1,0.0166692713982412,phase2_expanding_prior50_learned50,2010-01-01,2019-12-31,1997623,expanding,prior50_learned50,volatility_scaled_overnight_return,overnight_next / (vol20 / sqrt(252)),2010-01-01,2024-12-31
2020,rank_score_velocity_lag1,0.0029799399136351,phase2_expanding_prior50_learned50,2010-01-01,2019-12-31,1997623,expanding,prior50_learned50,volatility_scaled_overnight_return,overnight_next / (vol20 / sqrt(252)),2010-01-01,2024-12-31
2020,rank_momentum_score_lag1,-0.0073627037300214,phase2_expanding_prior50_learned50,2010-01-01,2019-12-31,1997623,expanding,prior50_learned50,volatility_scaled_overnight_return,overnight_next / (vol20 / sqrt(252)),2010-01-01,2024-12-31
2020,rank_dsi_lag1,-0.0383638073662714,phase2_expanding_prior50_learned50,2010-01-01,2019-12-31,1997623,expanding,prior50_learned50,volatility_scaled_overnight_return,overnight_next / (vol20 / sqrt(252)),2010-01-01,2024-12-31
2020,rank_dtcn_lag1,-0.0456156429799999,phase2_expanding_prior50_learned50,2010-01-01,2019-12-31,1997623,expanding,prior50_learned50,volatility_scaled_overnight_return,overnight_next / (vol20 / sqrt(252)),2010-01-01,2024-12-31
2020,rank_ddtcn_lag1,-0.0102118042581731,phase2_expanding_prior50_learned50,2010-01-01,2019-12-31,1997623,expanding,prior50_learned50,volatility_scaled_overnight_return,overnight_next / (vol20 / sqrt(252)),2010-01-01,2024-12-31
2020,rank_industry_return_lag1,0.0025426079985422,phase2_expanding_prior50_learned50,2010-01-01,2019-12-31,1997623,expanding,prior50_learned50,volatility_scaled_overnight_return,overnight_next / (vol20 / sqrt(252)),2010-01-01,2024-12-31
2021,rank_r_on_1d,0.1444550431369131,phase2_expanding_prior50_learned50,2010-01-01,2020-12-31,2224116,expanding,prior50_learned50,volatility_scaled_overnight_return,overnight_next / (vol20 / sqrt(252)),2010-01-01,2024-12-31
2021,rank_r_on_5d,0.1184008054991567,phase2_expanding_prior50_learned50,2010-01-01,2020-12-31,2224116,expanding,prior50_learned50,volatility_scaled_overnight_return,overnight_next / (vol20 / sqrt(252)),2010-01-01,2024-12-31
2021,rank_r_id_1d,-0.1689608093833537,phase2_expanding_prior50_learned50,2010-01-01,2020-12-31,2224116,expanding,prior50_learned50,volatility_scaled_overnight_return,overnight_next / (vol20 / sqrt(252)),2010-01-01,2024-12-31
2021,rank_ret_cc_5d,-0.1675911556435495,phase2_expanding_prior50_learned50,2010-01-01,2020-12-31,2224116,expanding,prior50_learned50,volatility_scaled_overnight_return,overnight_next / (vol20 / sqrt(252)),2010-01-01,2024-12-31
2021,rank_ret_cc_20d,-0.0795956592736053,phase2_expanding_prior50_learned50,2010-01-01,2020-12-31,2224116,expanding,prior50_learned50,volatility_scaled_overnight_return,overnight_next / (vol20 / sqrt(252)),2010-01-01,2024-12-31
2021,rank_ret_cc_60d,0.0077487037562827,phase2_expanding_prior50_learned50,2010-01-01,2020-12-31,2224116,expanding,prior50_learned50,volatility_scaled_overnight_return,overnight_next / (vol20 / sqrt(252)),2010-01-01,2024-12-31
2021,rank_vol20,-0.0043320014260612,phase2_expanding_prior50_learned50,2010-01-01,2020-12-31,2224116,expanding,prior50_learned50,volatility_scaled_overnight_return,overnight_next / (vol20 / sqrt(252)),2010-01-01,2024-12-31
2021,rank_vol60,0.0154019324325907,phase2_expanding_prior50_learned50,2010-01-01,2020-12-31,2224116,expanding,prior50_learned50,volatility_scaled_overnight_return,overnight_next / (vol20 / sqrt(252)),2010-01-01,2024-12-31
2021,rank_amihud20,-0.0117720204549654,phase2_expanding_prior50_learned50,2010-01-01,2020-12-31,2224116,expanding,prior50_learned50,volatility_scaled_overnight_return,overnight_next / (vol20 / sqrt(252)),2010-01-01,2024-12-31
2021,rank_adv20_log,0.0195313451783716,phase2_expanding_prior50_learned50,2010-01-01,2020-12-31,2224116,expanding,prior50_learned50,volatility_scaled_overnight_return,overnight_next / (vol20 / sqrt(252)),2010-01-01,2024-12-31
2021,rank_market_cap_log,0.0142403075693647,phase2_expanding_prior50_learned50,2010-01-01,2020-12-31,2224116,expanding,prior50_learned50,volatility_scaled_overnight_return,overnight_next / (vol20 / sqrt(252)),2010-01-01,2024-12-31
2021,rank_piot_norm_lag1,-0.0072878609851858,phase2_expanding_prior50_learned50,2010-01-01,2020-12-31,2224116,expanding,prior50_learned50,volatility_scaled_overnight_return,overnight_next / (vol20 / sqrt(252)),2010-01-01,2024-12-31
2021,rank_gross_profit_margin_lag1,-0.0009255050833062,phase2_expanding_prior50_learned50,2010-01-01,2020-12-31,2224116,expanding,prior50_learned50,volatility_scaled_overnight_return,overnight_next / (vol20 / sqrt(252)),2010-01-01,2024-12-31
2021,rank_asset_turnover_ratio_lag1,-0.0100151609347323,phase2_expanding_prior50_learned50,2010-01-01,2020-12-31,2224116,expanding,prior50_learned50,volatility_scaled_overnight_return,overnight_next / (vol20 / sqrt(252)),2010-01-01,2024-12-31
2021,rank_net_debt_to_equity_lag1,-0.0106482065892416,phase2_expanding_prior50_learned50,2010-01-01,2020-12-31,2224116,expanding,prior50_learned50,volatility_scaled_overnight_return,overnight_next / (vol20 / sqrt(252)),2010-01-01,2024-12-31
2021,rank_price_to_book_lag1,0.0078418970480517,phase2_expanding_prior50_learned50,2010-01-01,2020-12-31,2224116,expanding,prior50_learned50,volatility_scaled_overnight_return,overnight_next / (vol20 / sqrt(252)),2010-01-01,2024-12-31
2021,rank_ev_to_ebit_lag1,0.0137800239652752,phase2_expanding_prior50_learned50,2010-01-01,2020-12-31,2224116,expanding,prior50_learned50,volatility_scaled_overnight_return,overnight_next / (vol20 / sqrt(252)),2010-01-01,2024-12-31
2021,rank_sue_lag1,0.03404134973435,phase2_expanding_prior50_learned50,2010-01-01,2020-12-31,2224116,expanding,prior50_learned50,volatility_scaled_overnight_return,overnight_next / (vol20 / sqrt(252)),2010-01-01,2024-12-31
2021,rank_deps_lag1,0.028079396202106,phase2_expanding_prior50_learned50,2010-01-01,2020-12-31,2224116,expanding,prior50_learned50,volatility_scaled_overnight_return,overnight_next / (vol20 / sqrt(252)),2010-01-01,2024-12-31
2021,rank_reps1_lag1,0.0055834438726244,phase2_expanding_prior50_learned50,2010-01-01,2020-12-31,2224116,expanding,prior50_learned50,volatility_scaled_overnight_return,overnight_next / (vol20 / sqrt(252)),2010-01-01,2024-12-31
2021,rank_repsf4_lag1,0.0142592499430795,phase2_expanding_prior50_learned50,2010-01-01,2020-12-31,2224116,expanding,prior50_learned50,volatility_scaled_overnight_return,overnight_next / (vol20 / sqrt(252)),2010-01-01,2024-12-31
2021,rank_final_score_lag1,0.0169770231215164,phase2_expanding_prior50_learned50,2010-01-01,2020-12-31,2224116,expanding,prior50_learned50,volatility_scaled_overnight_return,overnight_next / (vol20 / sqrt(252)),2010-01-01,2024-12-31
2021,rank_score_velocity_lag1,0.0050145444846386,phase2_expanding_prior50_learned50,2010-01-01,2020-12-31,2224116,expanding,prior50_learned50,volatility_scaled_overnight_return,overnight_next / (vol20 / sqrt(252)),2010-01-01,2024-12-31
2021,rank_momentum_score_lag1,-0.0016335329710945,phase2_expanding_prior50_learned50,2010-01-01,2020-12-31,2224116,expanding,prior50_learned50,volatility_scaled_overnight_return,overnight_next / (vol20 / sqrt(252)),2010-01-01,2024-12-31
2021,rank_dsi_lag1,-0.0356226821849746,phase2_expanding_prior50_learned50,2010-01-01,2020-12-31,2224116,expanding,prior50_learned50,volatility_scaled_overnight_return,overnight_next / (vol20 / sqrt(252)),2010-01-01,2024-12-31
2021,rank_dtcn_lag1,-0.0430401540591912,phase2_expanding_prior50_learned50,2010-01-01,2020-12-31,2224116,expanding,prior50_learned50,volatility_scaled_overnight_return,overnight_next / (vol20 / sqrt(252)),2010-01-01,2024-12-31
2021,rank_ddtcn_lag1,-0.0106406307246855,phase2_expanding_prior50_learned50,2010-01-01,2020-12-31,2224116,expanding,prior50_learned50,volatility_scaled_overnight_return,overnight_next / (vol20 / sqrt(252)),2010-01-01,2024-12-31
2021,rank_industry_return_lag1,0.0025795543417305,phase2_expanding_prior50_learned50,2010-01-01,2020-12-31,2224116,expanding,prior50_learned50,volatility_scaled_overnight_return,overnight_next / (vol20 / sqrt(252)),2010-01-01,2024-12-31
2022,rank_r_on_1d,0.1377955878945954,phase2_expanding_prior50_learned50,2010-01-01,2021-12-31,2467279,expanding,prior50_learned50,volatility_scaled_overnight_return,overnight_next / (vol20 / sqrt(252)),2010-01-01,2024-12-31
2022,rank_r_on_5d,0.1106165178755266,phase2_expanding_prior50_learned50,2010-01-01,2021-12-31,2467279,expanding,prior50_learned50,volatility_scaled_overnight_return,overnight_next / (vol20 / sqrt(252)),2010-01-01,2024-12-31
2022,rank_r_id_1d,-0.1812403772794035,phase2_expanding_prior50_learned50,2010-01-01,2021-12-31,2467279,expanding,prior50_learned50,volatility_scaled_overnight_return,overnight_next / (vol20 / sqrt(252)),2010-01-01,2024-12-31
2022,rank_ret_cc_5d,-0.1812403772794035,phase2_expanding_prior50_learned50,2010-01-01,2021-12-31,2467279,expanding,prior50_learned50,volatility_scaled_overnight_return,overnight_next / (vol20 / sqrt(252)),2010-01-01,2024-12-31
2022,rank_ret_cc_20d,-0.08610194488357,phase2_expanding_prior50_learned50,2010-01-01,2021-12-31,2467279,expanding,prior50_learned50,volatility_scaled_overnight_return,overnight_next / (vol20 / sqrt(252)),2010-01-01,2024-12-31
2022,rank_ret_cc_60d,0.0098597212024899,phase2_expanding_prior50_learned50,2010-01-01,2021-12-31,2467279,expanding,prior50_learned50,volatility_scaled_overnight_return,overnight_next / (vol20 / sqrt(252)),2010-01-01,2024-12-31
2022,rank_vol20,-0.0200099093700993,phase2_expanding_prior50_learned50,2010-01-01,2021-12-31,2467279,expanding,prior50_learned50,volatility_scaled_overnight_return,overnight_next / (vol20 / sqrt(252)),2010-01-01,2024-12-31
2022,rank_vol60,0.005934173920044,phase2_expanding_prior50_learned50,2010-01-01,2021-12-31,2467279,expanding,prior50_learned50,volatility_scaled_overnight_return,overnight_next / (vol20 / sqrt(252)),2010-01-01,2024-12-31
2022,rank_amihud20,0.0006365760970776,phase2_expanding_prior50_learned50,2010-01-01,2021-12-31,2467279,expanding,prior50_learned50,volatility_scaled_overnight_return,overnight_next / (vol20 / sqrt(252)),2010-01-01,2024-12-31
2022,rank_adv20_log,0.0014046183320668,phase2_expanding_prior50_learned50,2010-01-01,2021-12-31,2467279,expanding,prior50_learned50,volatility_scaled_overnight_return,overnight_next / (vol20 / sqrt(252)),2010-01-01,2024-12-31
2022,rank_market_cap_log,0.0030706697507411,phase2_expanding_prior50_learned50,2010-01-01,2021-12-31,2467279,expanding,prior50_learned50,volatility_scaled_overnight_return,overnight_next / (vol20 / sqrt(252)),2010-01-01,2024-12-31
2022,rank_piot_norm_lag1,-0.0010037248903377,phase2_expanding_prior50_learned50,2010-01-01,2021-12-31,2467279,expanding,prior50_learned50,volatility_scaled_overnight_return,overnight_next / (vol20 / sqrt(252)),2010-01-01,2024-12-31
2022,rank_gross_profit_margin_lag1,-0.004781253217289,phase2_expanding_prior50_learned50,2010-01-01,2021-12-31,2467279,expanding,prior50_learned50,volatility_scaled_overnight_return,overnight_next / (vol20 / sqrt(252)),2010-01-01,2024-12-31
2022,rank_asset_turnover_ratio_lag1,-0.0106226673831127,phase2_expanding_prior50_learned50,2010-01-01,2021-12-31,2467279,expanding,prior50_learned50,volatility_scaled_overnight_return,overnight_next / (vol20 / sqrt(252)),2010-01-01,2024-12-31
2022,rank_net_debt_to_equity_lag1,-0.0098760988274205,phase2_expanding_prior50_learned50,2010-01-01,2021-12-31,2467279,expanding,prior50_learned50,volatility_scaled_overnight_return,overnight_next / (vol20 / sqrt(252)),2010-01-01,2024-12-31
2022,rank_price_to_book_lag1,4.449593011939528e-05,phase2_expanding_prior50_learned50,2010-01-01,2021-12-31,2467279,expanding,prior50_learned50,volatility_scaled_overnight_return,overnight_next / (vol20 / sqrt(252)),2010-01-01,2024-12-31
2022,rank_ev_to_ebit_lag1,0.0093188516344565,phase2_expanding_prior50_learned50,2010-01-01,2021-12-31,2467279,expanding,prior50_learned50,volatility_scaled_overnight_return,overnight_next / (vol20 / sqrt(252)),2010-01-01,2024-12-31
2022,rank_sue_lag1,0.037342104257816,phase2_expanding_prior50_learned50,2010-01-01,2021-12-31,2467279,expanding,prior50_learned50,volatility_scaled_overnight_return,overnight_next / (vol20 / sqrt(252)),2010-01-01,2024-12-31
2022,rank_deps_lag1,0.0296403250550387,phase2_expanding_prior50_learned50,2010-01-01,2021-12-31,2467279,expanding,prior50_learned50,volatility_scaled_overnight_return,overnight_next / (vol20 / sqrt(252)),2010-01-01,2024-12-31
2022,rank_reps1_lag1,0.0057604374618637,phase2_expanding_prior50_learned50,2010-01-01,2021-12-31,2467279,expanding,prior50_learned50,volatility_scaled_overnight_return,overnight_next / (vol20 / sqrt(252)),2010-01-01,2024-12-31
2022,rank_repsf4_lag1,0.0175918374907673,phase2_expanding_prior50_learned50,2010-01-01,2021-12-31,2467279,expanding,prior50_learned50,volatility_scaled_overnight_return,overnight_next / (vol20 / sqrt(252)),2010-01-01,2024-12-31
2022,rank_final_score_lag1,0.0245003532756899,phase2_expanding_prior50_learned50,2010-01-01,2021-12-31,2467279,expanding,prior50_learned50,volatility_scaled_overnight_return,overnight_next / (vol20 / sqrt(252)),2010-01-01,2024-12-31
2022,rank_score_velocity_lag1,0.0044007766022029,phase2_expanding_prior50_learned50,2010-01-01,2021-12-31,2467279,expanding,prior50_learned50,volatility_scaled_overnight_return,overnight_next / (vol20 / sqrt(252)),2010-01-01,2024-12-31
2022,rank_momentum_score_lag1,0.0018083939613871,phase2_expanding_prior50_learned50,2010-01-01,2021-12-31,2467279,expanding,prior50_learned50,volatility_scaled_overnight_return,overnight_next / (vol20 / sqrt(252)),2010-01-01,2024-12-31
2022,rank_dsi_lag1,-0.0442133354825547,phase2_expanding_prior50_learned50,2010-01-01,2021-12-31,2467279,expanding,prior50_learned50,volatility_scaled_overnight_return,overnight_next / (vol20 / sqrt(252)),2010-01-01,2024-12-31
2022,rank_dtcn_lag1,-0.0447608019191699,phase2_expanding_prior50_learned50,2010-01-01,2021-12-31,2467279,expanding,prior50_learned50,volatility_scaled_overnight_return,overnight_next / (vol20 / sqrt(252)),2010-01-01,2024-12-31
2022,rank_ddtcn_lag1,-0.0136570400650008,phase2_expanding_prior50_learned50,2010-01-01,2021-12-31,2467279,expanding,prior50_learned50,volatility_scaled_overnight_return,overnight_next / (vol20 / sqrt(252)),2010-01-01,2024-12-31
2022,rank_industry_return_lag1,0.0027670286607542,phase2_expanding_prior50_learned50,2010-01-01,2021-12-31,2467279,expanding,prior50_learned50,volatility_scaled_overnight_return,overnight_next / (vol20 / sqrt(252)),2010-01-01,2024-12-31
2023,rank_r_on_1d,0.1234803859326848,phase2_expanding_prior50_learned50,2010-01-01,2022-12-31,2709667,expanding,prior50_learned50,volatility_scaled_overnight_return,overnight_next / (vol20 / sqrt(252)),2010-01-01,2024-12-31
2023,rank_r_on_5d,0.1067747219892224,phase2_expanding_prior50_learned50,2010-01-01,2022-12-31,2709667,expanding,prior50_learned50,volatility_scaled_overnight_return,overnight_next / (vol20 / sqrt(252)),2010-01-01,2024-12-31
2023,rank_r_id_1d,-0.1742042862558345,phase2_expanding_prior50_learned50,2010-01-01,2022-12-31,2709667,expanding,prior50_learned50,volatility_scaled_overnight_return,overnight_next / (vol20 / sqrt(252)),2010-01-01,2024-12-31
2023,rank_ret_cc_5d,-0.1742042862558345,phase2_expanding_prior50_learned50,2010-01-01,2022-12-31,2709667,expanding,prior50_learned50,volatility_scaled_overnight_return,overnight_next / (vol20 / sqrt(252)),2010-01-01,2024-12-31
2023,rank_ret_cc_20d,-0.0857680321696251,phase2_expanding_prior50_learned50,2010-01-01,2022-12-31,2709667,expanding,prior50_learned50,volatility_scaled_overnight_return,overnight_next / (vol20 / sqrt(252)),2010-01-01,2024-12-31
2023,rank_ret_cc_60d,0.0017104196144942,phase2_expanding_prior50_learned50,2010-01-01,2022-12-31,2709667,expanding,prior50_learned50,volatility_scaled_overnight_return,overnight_next / (vol20 / sqrt(252)),2010-01-01,2024-12-31
2023,rank_vol20,-0.0283241581443814,phase2_expanding_prior50_learned50,2010-01-01,2022-12-31,2709667,expanding,prior50_learned50,volatility_scaled_overnight_return,overnight_next / (vol20 / sqrt(252)),2010-01-01,2024-12-31
2023,rank_vol60,-0.0074708269382175,phase2_expanding_prior50_learned50,2010-01-01,2022-12-31,2709667,expanding,prior50_learned50,volatility_scaled_overnight_return,overnight_next / (vol20 / sqrt(252)),2010-01-01,2024-12-31
2023,rank_amihud20,-0.0136507804896081,phase2_expanding_prior50_learned50,2010-01-01,2022-12-31,2709667,expanding,prior50_learned50,volatility_scaled_overnight_return,overnight_next / (vol20 / sqrt(252)),2010-01-01,2024-12-31
2023,rank_adv20_log,0.0123059172492354,phase2_expanding_prior50_learned50,2010-01-01,2022-12-31,2709667,expanding,prior50_learned50,volatility_scaled_overnight_return,overnight_next / (vol20 / sqrt(252)),2010-01-01,2024-12-31
2023,rank_market_cap_log,0.0143623351816091,phase2_expanding_prior50_learned50,2010-01-01,2022-12-31,2709667,expanding,prior50_learned50,volatility_scaled_overnight_return,overnight_next / (vol20 / sqrt(252)),2010-01-01,2024-12-31
2023,rank_piot_norm_lag1,-0.0054238524366845,phase2_expanding_prior50_learned50,2010-01-01,2022-12-31,2709667,expanding,prior50_learned50,volatility_scaled_overnight_return,overnight_next / (vol20 / sqrt(252)),2010-01-01,2024-12-31
2023,rank_gross_profit_margin_lag1,-0.0046124502540202,phase2_expanding_prior50_learned50,2010-01-01,2022-12-31,2709667,expanding,prior50_learned50,volatility_scaled_overnight_return,overnight_next / (vol20 / sqrt(252)),2010-01-01,2024-12-31
2023,rank_asset_turnover_ratio_lag1,-0.0170383727182167,phase2_expanding_prior50_learned50,2010-01-01,2022-12-31,2709667,expanding,prior50_learned50,volatility_scaled_overnight_return,overnight_next / (vol20 / sqrt(252)),2010-01-01,2024-12-31
2023,rank_net_debt_to_equity_lag1,-0.0018434605543522,phase2_expanding_prior50_learned50,2010-01-01,2022-12-31,2709667,expanding,prior50_learned50,volatility_scaled_overnight_return,overnight_next / (vol20 / sqrt(252)),2010-01-01,2024-12-31
2023,rank_price_to_book_lag1,-0.007150130174552,phase2_expanding_prior50_learned50,2010-01-01,2022-12-31,2709667,expanding,prior50_learned50,volatility_scaled_overnight_return,overnight_next / (vol20 / sqrt(252)),2010-01-01,2024-12-31
2023,rank_ev_to_ebit_lag1,0.0062948295790647,phase2_expanding_prior50_learned50,2010-01-01,2022-12-31,2709667,expanding,prior50_learned50,volatility_scaled_overnight_return,overnight_next / (vol20 / sqrt(252)),2010-01-01,2024-12-31
2023,rank_sue_lag1,0.0333836988482486,phase2_expanding_prior50_learned50,2010-01-01,2022-12-31,2709667,expanding,prior50_learned50,volatility_scaled_overnight_return,overnight_next / (vol20 / sqrt(252)),2010-01-01,2024-12-31
2023,rank_deps_lag1,0.0278770062655144,phase2_expanding_prior50_learned50,2010-01-01,2022-12-31,2709667,expanding,prior50_learned50,volatility_scaled_overnight_return,overnight_next / (vol20 / sqrt(252)),2010-01-01,2024-12-31
2023,rank_reps1_lag1,0.0020299229768711,phase2_expanding_prior50_learned50,2010-01-01,2022-12-31,2709667,expanding,prior50_learned50,volatility_scaled_overnight_return,overnight_next / (vol20 / sqrt(252)),2010-01-01,2024-12-31
2023,rank_repsf4_lag1,0.0126438941493454,phase2_expanding_prior50_learned50,2010-01-01,2022-12-31,2709667,expanding,prior50_learned50,volatility_scaled_overnight_return,overnight_next / (vol20 / sqrt(252)),2010-01-01,2024-12-31
2023,rank_final_score_lag1,0.0244142338687723,phase2_expanding_prior50_learned50,2010-01-01,2022-12-31,2709667,expanding,prior50_learned50,volatility_scaled_overnight_return,overnight_next / (vol20 / sqrt(252)),2010-01-01,2024-12-31
2023,rank_score_velocity_lag1,0.007155833542172,phase2_expanding_prior50_learned50,2010-01-01,2022-12-31,2709667,expanding,prior50_learned50,volatility_scaled_overnight_return,overnight_next / (vol20 / sqrt(252)),2010-01-01,2024-12-31
2023,rank_momentum_score_lag1,-0.0005108413684879,phase2_expanding_prior50_learned50,2010-01-01,2022-12-31,2709667,expanding,prior50_learned50,volatility_scaled_overnight_return,overnight_next / (vol20 / sqrt(252)),2010-01-01,2024-12-31
2023,rank_dsi_lag1,-0.0454382424458631,phase2_expanding_prior50_learned50,2010-01-01,2022-12-31,2709667,expanding,prior50_learned50,volatility_scaled_overnight_return,overnight_next / (vol20 / sqrt(252)),2010-01-01,2024-12-31
2023,rank_dtcn_lag1,-0.0441110068937976,phase2_expanding_prior50_learned50,2010-01-01,2022-12-31,2709667,expanding,prior50_learned50,volatility_scaled_overnight_return,overnight_next / (vol20 / sqrt(252)),2010-01-01,2024-12-31
2023,rank_ddtcn_lag1,-0.0151564662795361,phase2_expanding_prior50_learned50,2010-01-01,2022-12-31,2709667,expanding,prior50_learned50,volatility_scaled_overnight_return,overnight_next / (vol20 / sqrt(252)),2010-01-01,2024-12-31
2023,rank_industry_return_lag1,0.0026596074237531,phase2_expanding_prior50_learned50,2010-01-01,2022-12-31,2709667,expanding,prior50_learned50,volatility_scaled_overnight_return,overnight_next / (vol20 / sqrt(252)),2010-01-01,2024-12-31
2024,rank_r_on_1d,0.1193775764220877,phase2_expanding_prior50_learned50,2010-01-01,2023-12-31,2951342,expanding,prior50_learned50,volatility_scaled_overnight_return,overnight_next / (vol20 / sqrt(252)),2010-01-01,2024-12-31
2024,rank_r_on_5d,0.1041977371977683,phase2_expanding_prior50_learned50,2010-01-01,2023-12-31,2951342,expanding,prior50_learned50,volatility_scaled_overnight_return,overnight_next / (vol20 / sqrt(252)),2010-01-01,2024-12-31
2024,rank_r_id_1d,-0.1726643932660627,phase2_expanding_prior50_learned50,2010-01-01,2023-12-31,2951342,expanding,prior50_learned50,volatility_scaled_overnight_return,overnight_next / (vol20 / sqrt(252)),2010-01-01,2024-12-31
2024,rank_ret_cc_5d,-0.1726643932660627,phase2_expanding_prior50_learned50,2010-01-01,2023-12-31,2951342,expanding,prior50_learned50,volatility_scaled_overnight_return,overnight_next / (vol20 / sqrt(252)),2010-01-01,2024-12-31
2024,rank_ret_cc_20d,-0.0892425976089644,phase2_expanding_prior50_learned50,2010-01-01,2023-12-31,2951342,expanding,prior50_learned50,volatility_scaled_overnight_return,overnight_next / (vol20 / sqrt(252)),2010-01-01,2024-12-31
2024,rank_ret_cc_60d,-0.0115212339022881,phase2_expanding_prior50_learned50,2010-01-01,2023-12-31,2951342,expanding,prior50_learned50,volatility_scaled_overnight_return,overnight_next / (vol20 / sqrt(252)),2010-01-01,2024-12-31
2024,rank_vol20,-0.0297834992387674,phase2_expanding_prior50_learned50,2010-01-01,2023-12-31,2951342,expanding,prior50_learned50,volatility_scaled_overnight_return,overnight_next / (vol20 / sqrt(252)),2010-01-01,2024-12-31
2024,rank_vol60,-0.012319443145754,phase2_expanding_prior50_learned50,2010-01-01,2023-12-31,2951342,expanding,prior50_learned50,volatility_scaled_overnight_return,overnight_next / (vol20 / sqrt(252)),2010-01-01,2024-12-31
2024,rank_amihud20,-0.0182064702890703,phase2_expanding_prior50_learned50,2010-01-01,2023-12-31,2951342,expanding,prior50_learned50,volatility_scaled_overnight_return,overnight_next / (vol20 / sqrt(252)),2010-01-01,2024-12-31
2024,rank_adv20_log,0.0151436076708206,phase2_expanding_prior50_learned50,2010-01-01,2023-12-31,2951342,expanding,prior50_learned50,volatility_scaled_overnight_return,overnight_next / (vol20 / sqrt(252)),2010-01-01,2024-12-31
2024,rank_market_cap_log,0.0160238375581206,phase2_expanding_prior50_learned50,2010-01-01,2023-12-31,2951342,expanding,prior50_learned50,volatility_scaled_overnight_return,overnight_next / (vol20 / sqrt(252)),2010-01-01,2024-12-31
2024,rank_piot_norm_lag1,-0.0030529818326094,phase2_expanding_prior50_learned50,2010-01-01,2023-12-31,2951342,expanding,prior50_learned50,volatility_scaled_overnight_return,overnight_next / (vol20 / sqrt(252)),2010-01-01,2024-12-31
2024,rank_gross_profit_margin_lag1,-0.0050605854631122,phase2_expanding_prior50_learned50,2010-01-01,2023-12-31,2951342,expanding,prior50_learned50,volatility_scaled_overnight_return,overnight_next / (vol20 / sqrt(252)),2010-01-01,2024-12-31
2024,rank_asset_turnover_ratio_lag1,-0.0120318099232632,phase2_expanding_prior50_learned50,2010-01-01,2023-12-31,2951342,expanding,prior50_learned50,volatility_scaled_overnight_return,overnight_next / (vol20 / sqrt(252)),2010-01-01,2024-12-31
2024,rank_net_debt_to_equity_lag1,0.0003395230290931,phase2_expanding_prior50_learned50,2010-01-01,2023-12-31,2951342,expanding,prior50_learned50,volatility_scaled_overnight_return,overnight_next / (vol20 / sqrt(252)),2010-01-01,2024-12-31
2024,rank_price_to_book_lag1,-0.0074397761416035,phase2_expanding_prior50_learned50,2010-01-01,2023-12-31,2951342,expanding,prior50_learned50,volatility_scaled_overnight_return,overnight_next / (vol20 / sqrt(252)),2010-01-01,2024-12-31
2024,rank_ev_to_ebit_lag1,0.0037345361796682,phase2_expanding_prior50_learned50,2010-01-01,2023-12-31,2951342,expanding,prior50_learned50,volatility_scaled_overnight_return,overnight_next / (vol20 / sqrt(252)),2010-01-01,2024-12-31
2024,rank_sue_lag1,0.0289823473567893,phase2_expanding_prior50_learned50,2010-01-01,2023-12-31,2951342,expanding,prior50_learned50,volatility_scaled_overnight_return,overnight_next / (vol20 / sqrt(252)),2010-01-01,2024-12-31
2024,rank_deps_lag1,0.0280574921072406,phase2_expanding_prior50_learned50,2010-01-01,2023-12-31,2951342,expanding,prior50_learned50,volatility_scaled_overnight_return,overnight_next / (vol20 / sqrt(252)),2010-01-01,2024-12-31
2024,rank_reps1_lag1,0.0010198275010534,phase2_expanding_prior50_learned50,2010-01-01,2023-12-31,2951342,expanding,prior50_learned50,volatility_scaled_overnight_return,overnight_next / (vol20 / sqrt(252)),2010-01-01,2024-12-31
2024,rank_repsf4_lag1,0.0151035491146962,phase2_expanding_prior50_learned50,2010-01-01,2023-12-31,2951342,expanding,prior50_learned50,volatility_scaled_overnight_return,overnight_next / (vol20 / sqrt(252)),2010-01-01,2024-12-31
2024,rank_final_score_lag1,0.0252738205082993,phase2_expanding_prior50_learned50,2010-01-01,2023-12-31,2951342,expanding,prior50_learned50,volatility_scaled_overnight_return,overnight_next / (vol20 / sqrt(252)),2010-01-01,2024-12-31
2024,rank_score_velocity_lag1,0.0052547273387389,phase2_expanding_prior50_learned50,2010-01-01,2023-12-31,2951342,expanding,prior50_learned50,volatility_scaled_overnight_return,overnight_next / (vol20 / sqrt(252)),2010-01-01,2024-12-31
2024,rank_momentum_score_lag1,-0.001509521899666,phase2_expanding_prior50_learned50,2010-01-01,2023-12-31,2951342,expanding,prior50_learned50,volatility_scaled_overnight_return,overnight_next / (vol20 / sqrt(252)),2010-01-01,2024-12-31
2024,rank_dsi_lag1,-0.0428285705234386,phase2_expanding_prior50_learned50,2010-01-01,2023-12-31,2951342,expanding,prior50_learned50,volatility_scaled_overnight_return,overnight_next / (vol20 / sqrt(252)),2010-01-01,2024-12-31
2024,rank_dtcn_lag1,-0.0407208544512655,phase2_expanding_prior50_learned50,2010-01-01,2023-12-31,2951342,expanding,prior50_learned50,volatility_scaled_overnight_return,overnight_next / (vol20 / sqrt(252)),2010-01-01,2024-12-31
2024,rank_ddtcn_lag1,-0.0158091894565791,phase2_expanding_prior50_learned50,2010-01-01,2023-12-31,2951342,expanding,prior50_learned50,volatility_scaled_overnight_return,overnight_next / (vol20 / sqrt(252)),2010-01-01,2024-12-31
2024,rank_industry_return_lag1,0.0026360976071154,phase2_expanding_prior50_learned50,2010-01-01,2023-12-31,2951342,expanding,prior50_learned50,volatility_scaled_overnight_return,overnight_next / (vol20 / sqrt(252)),2010-01-01,2024-12-31
